subject_code,section,course_title,units,time,room,instructor,max_no,lang,level,free_slots,remarks,s,p
A,SPECIAL TOPICS IN SOCIAL COMPUTING:  ADVANCED SOCIAL COMPUTING,3.0,TUTORIAL 0000-0000,TBA,ESTUAR| MA. REGINA J. E.,2,ENG,G,0,-,N,N,
A,BASIC KOREAN 1 LANGUAGE AND CULTURE,3.0,D 1100-1230,TBA,WOO| Sun Jung,18,~,U,-2,-,N,N,
A,INTERMEDIATE JAPANESE 1,3.0,D 1400-1530,TBA,SANTOS| CARLOS LUIS L.,13,~,U,9,*PRE-REQUISITE: JPN 13 OR ASSESSMENT AND APPROVAL OF THE JSP DIRECTOR; ALL SLOTS FOR STUDENTS UNDER THE (NEW) 2018 CURRICULUM,N,N,
A,JAPANESE LANGUAGE AND CULTURE 3,3.0,D 1230-1400,TBA,SANTOS| CARLOS LUIS L.,13,~,U,9,*PRE-REQUISITE: JPN 12 OR ASSESSMENT AND APPROVAL OF THE JSP DIRECTOR; ALL SLOTS FOR STUDENTS UNDER THE (NEW) 2018 CURRICULUM,N,N,
A,JAPANESE LANGUAGE AND CULTURE 2,3.0,D 1100-1230,TBA,TAN| JOY ANN FAITH F.,15,~,U,-2,*PRE-REQUISITE: JPN 11 OR ASSESSMENT AND APPROVAL OF THE JSP DIRECTOR; ALL SLOTS FOR STUDENTS UNDER THE (NEW) 2018 CURRICULUM,N,N,
A,JAPANESE LANGUAGE AND CULTURE 1,3.0,D 0800-0930,TBA,ALVAREZ| ROELIA V.,15,~,U,0,*ALL SLOTS FOR STUDENTS UNDER THE (NEW) 2018 CURRICULUM,N,N,
A,JAPANESE LANGUAGE AND CULTURE 2,3.0,D 1100-1230,TBA,TAN| JOY ANN FAITH F.,5,~,U,3,*PRE-REQUISITE: FLC 1 JSP OR ASSESSMENT AND APPROVAL OF THE JSP DIRECTOR; ALL SLOTS FOR STUDENTS UNDER THE (OLD) PRE-2018 CURRICULUM,N,N,
A,CONTEMPORARY ISSUES:  CULTURAL STUDIES OF TECHNOLOGY (HYPERMEDIA| THE WORLD WIDE WEB| AND THE CONTEMPORARY CRITICAL THEORY AND TECHNOLOGY),3.0,M-W-F 1300-1530,TBA,LORENZANA| GEORGE PETER A.,5,ENG,U,5,-,N,N,
A,SPECIAL TOPICS IN PHILIPPINE STUDIES: REPRESENTATION OF OTHERNESS IN FILM AND LITERATURE,3.0,T 0800-1230; TH 0800-1100,TBA; TBA,LABASTILLA| SKILTY C.,35,ENG,U,1,-,N,N,
A,CONTEMPORARY ISSUES: PSYCHOLOGY AND PERSONAL GROWTH,3.0,M-W-F 0800-1030,TBA,TRINIDAD| JOSE EOS R.,35,ENG,U,-3,*Mostly asynchronous with synch sessions WF 09:00-10:00 AM,N,N,
A,MEDIA STUDIES: FILIPINO FILM AND SOCIETY,3.0,M-W-F 1030-1300,TBA,CASTRO| KARL FREDRICK M.,35,ENG,U,2,-,N,N,
A,HUMANS AND CULTURE: CULTURAL STUDIES OF TECHNOLOGY (HYPERMEDIA| THE WORLD WIDE WEB| AND THE CONTEMPORARYCRITICAL THEORY AND TECHNOLOGY),3.0,M-W-F 1300-1530,TBA,LORENZANA| GEORGE PETER A.,35,ENG,U,14,-,N,N,
A,PRACTICUM,3.0,SAT 0800-1100,TBA,DE VERA| JOSE ALFREDO III A.| SAMACO| JAPHETH DUANE C.| SUGAY| JESSICA O.,30,ENG,U,0,ALL SLOTS FOR BS MIS MAJORS. ALL SLOTS FOR BSMIS-MSCS MAJORS.,N,N,
A,BUSINESS APPLICATIONS DEVELOPMENT 1,3.0,D 1100-1230,TBA,AGLORO| GUILLERMO PAOLO JR. M.,32,ENG,U,0,ALL SLOTS FOR BS MIS MAJORS. ALL SLOTS FOR BSMIS-MSCS MAJORS.,N,N,
A,BASI KOREAN 2 LANGUAGE AND CULTURE,3.0,D 1100-1230,TBA,JAVIER| Aurea,18,~,U,14,-,N,N,
A,PRACTICUM,3.0,TUTORIAL 0000-0000,TBA,SUGAY| JESSICA O.,5,ENG,U,4,ALL SLOTS FOR BS MIS MAJORS. ALL SLOTS FOR BSMIS-MSCS MAJORS.,N,N,
A,INTEGRATIVE PROJECT 1,3.0,SAT 0800-1100,TBA,DIY| WALFRIDO DAVID A.,10,ENG,U,2,ALL SLOTS FOR BS CS-DGDD MAJORS.,N,N,
A,FINAL PAPER SUBMISSION,0.0,TBA,TBA,TBA| -,50,ENG,G,48,-,N,N,
A,RESIDENCY FOR DOCTORAL LEVEL,0.0,TBA,TBA,TBA| -,50,ENG,G,50,-,N,N,
A,DISSERTATION II,0.0,TUTORIAL 0000-0000,TBA,FERNANDEZ| PROCESO| JR. L.,5,ENG,G,5,-,N,N,
A,THESIS I,3.0,TBA,TBA,TBA| -,50,ENG,G,50,-,N,N,
A,SPECIAL TOPICS IN ADVANCED MULTIMEDIA:  HUMAN-COMPUTER INTERACTION,3.0,TUTORIAL 0000-0000,TBA,ESTUAR| MA. REGINA J. E.,2,ENG,G,0,-,N,N,
A,THESIS II,0.0,TUTORIAL 0000-0000,TBA,ABU| PATRICIA ANGELA R.,5,ENG,G,5,-,N,N,
A,THESIS I,0.0,TUTORIAL 0000-0000,TBA,ABU| PATRICIA ANGELA R.,5,ENG,G,5,-,N,N,
A,DATA SCIENCE PROJECT II,3.0,TBA,TBA,TBA| -,50,ENG,G,50,-,N,N,
A,DATA SCIENCE PROJECT I,3.0,TBA,TBA,TBA| -,50,ENG,G,50,-,N,N,
A,INNOVATION PROJECT 2,3.0,TUTORIAL 0000-0000,TBA,DY| S.J.| JASON K.,5,ENG,G,4,-,N,N,
A,INNOVATION PROJECT 1,3.0,TUTORIAL 0000-0000,TBA,RODRIGO| MA. MERCEDES T.,5,ENG,G,4,-,N,N,
A,INDEPENDENT PROJECT II,0.0,TUTORIAL 0000-0000,TBA,MAGUYON| ARIEL A.,5,ENG,G,4,-,N,N,
A,INTRODUCTION TO THE DESIGN AND DEVELOPMENT OF COMPUTER GAMES,3.0,D 1400-1530,TBA,DIY| WALFRIDO DAVID A.,41,ENG,U,-5,1 SLOTS FOR BS CS-DGDD MAJORS.,N,N,
A,INDEPENDENT PROJECT I,0.0,TUTORIAL 0000-0000,TBA,MAGUYON| ARIEL A.,5,ENG,G,5,-,N,N,
A,PHILIPPINE BUSINESS ENVIRONMENT: POLICIES AND PROGRAMS ON ENTERPRISE DEVELOPMENT,3.0,D 1400-1530,TBA,INGCO| JULIO III S.,22,ENG,U,0,-,N,N,
A,STRATEGIC HUMAN RESOURCE MANAGEMENT,3.0,D 1100-1230,TBA,LUMAIN| Joseph Daniel,34,ENG,U,1,3 SLOTS FOR BS COMTECH MAJORS. 1 SLOTS FOR 4TH YEAR BS ITE MAJORS. *Required subject for Minor in Management & Minor in Strategic Human Resource Management,N,N,
A,SEMINAR ON CLASSROOM TEACHING IN MATHEMATICS,3.0,T 1700-2000; TH 1700-2130,TBA; TBA,GUZON| ANGELA FATIMA H.,10,ENG,G,6,-,N,N,
A,DISSERTATION II,0.0,TBA,TBA,TBA| -,50,ENG,G,47,-,N,N,
A,DISSERTATION I,0.0,TBA,TBA,TBA| -,50,ENG,G,47,-,N,N,
A,SEMINAR ON RESEARCH TOPICS IN MATHEMATICS,3.0,TBA,TBA,EDEN| RICHARD B.,5,ENG,G,2,-,N,N,
A,FINAL PAPER SUBMISSION,0.0,TBA,TBA,TBA| -,50,ENG,G,49,-,N,N,
A,MATHEMATICAL FINANCE PROJECT,3.0,TBA,TBA,TBA| -,50,ENG,G,50,-,N,N,
A,ADVANCED STATISTICAL METHODS,3.0,D 1100-1230,TBA,BATALLER| RAMIL T.,15,ENG,G,6,-,N,N,
A,FINANCIAL DERIVATIVES I,3.0,D 1230-1400,TBA,CABRAL| EMMANUEL A.,15,ENG,G,6,-,N,N,
A,SEMINAR IN FINITE MATHEMATICS,3.0,M-W-F 1730-2000,TBA,NEBRES| S.J.| BIENVENIDO F.,15,ENG,G,8,-,N,N,
A,ELEMENTARY PROBABILITY THEORY,3.0,D 1530-1700,TBA,ONG| LU CHRISTIAN S.,25,ENG,U,0,-,N,N,
A,INTRODUCTION TO STATISTICAL ANALYSIS,3.0,D 0800-0930,TBA,BATALLER| RAMIL T.,26,ENG,U,11,-,N,N,
A,FUNDAMENTAL CONCEPTS OF MATHEMATICS,3.0,D 1530-1700,TBA,EDEN| RICHARD B.,27,ENG,U,0,-,N,N,
A,DISCRETE MATHEMATICS,3.0,D 1100-1230,TBA,MUGA II| FELIX P.,27,ENG,U,-2,-,N,N,
A,STRATEGIC HUMAN RESOURCE MANAGEMENT IN THE HOSPITALITY INDUSTRY,3.0,T 0800-1100; TH 0800-1230,TBA; TBA,DURAN| Benedict James,32,ENG,U,0,-,N,N,
A,APPLIED CALCULUS FOR SCIENCE AND ENGINEERING II,3.0,D 0800-0930,TBA,GO| CLARK KENDRICK C.,26,ENG,U,0,-,N,N,
A,APPLIED CALCULUS FOR BUSINESS AND ECONOMICS II,3.0,D 1230-1400,TBA,DAVID| RODEN JASON A.,26,ENG,U,-4,-,N,N,
A,APPLIED CALCULUS FOR BUSINESS AND ECONOMICS I,3.0,D 1230-1400,TBA,DOMINGO| EURLYNE J.,25,ENG,U,0,-,N,N,
A,UNIVERSITY PRECALCULUS,3.0,D 1400-1530,TBA,DAYAO| PAUL L.,25,ENG,U,0,-,N,N,
A,MATHEMATICS IN THE MODERN WORLD,3.0,D 1530-1700,TBA,GUILLERMO| MIDA R.,27,ENG,U,17,-,N,N,
A,MARKETING COMMUNICATIONS,3.0,M-W-F 1030-1300,TBA,TANCHINGCO| NORMAN S.,20,ENG,U,0,*PRE-REQ: MKTG 111 or MKTG 111.03 or MKTG 111.04 or MKTG 111.30,N,N,
A,LAW ON BUSINESS TRANSACTION,3.0,M-W-F 0800-1030,TBA,GONZALES| CATHERINE JENNIFER F. P.,25,ENG,U,0,ALL SLOTS FOR BS LM MAJORS.,N,N,
A,THESIS 2,0.0,TBA,TBA,TBA| -,50,ENG,G,50,-,N,N,
A,COMPREHENSIVE EXAMINATIONS,0.0,TBA,TBA,TBA| -,6,ENG,G,2,-,N,N,
A,RESEARCH METHODS,3.0,M-W-F 1800-2030,TBA,MENDIOLA| ANNA A.,8,ENG,G,0,-,N,N,
A,WORK PRACTICUM,1.5,M-W-F 1415-1530,TBA,MARIANO| ANNALISA MARGARITA V.,22,ENG,U,1,-,N,N,
A,WORK PRACTICUM,1.5,M-W-F 1300-1415,TBA,MARIANO| ANNALISA MARGARITA V.,22,ENG,U,1,-,N,N,
A,WORK PRACTICUM,3.0,D 1700-1830,TBA,UY| SEAN RICH U.,28,ENG,U,2,ALL SLOTS FOR 4TH YEAR BS LM MAJORS.,N,N,
A,SUSTAINABILITY AND SOCIAL RESPONSIBILITY,3.0,M-W-F 1800-2030,TBA,TAN| ROSS KENDRICK S.,25,ENG,U,0,-,N,N,
A,APPLIED CALCULUS FOR SCIENCE AND ENGINEERING I,3.0,D 1400-1530,TBA,GO| CLARK KENDRICK C.,30,ENG,U,7,-,N,N,
A,PRACTICUM I,3.0,TBA,TBA,TBA| -,50,ENG,G,49,-,N,N,
A,METHODS OF RESEARCH IN COMPUTER SCIENCE,3.0,M-W-F 1800-2030,TBA,ESTUAR| MA. REGINA J. E.,25,ENG,G,15,-,N,N,
A,HUMAN COMPUTER INTERACTION,3.0,D 1100-1230,TBA,AGAPITO| JENILYN L.,15,ENG,G,2,-,N,N,
A,FINANCIAL ACCOUNTING,3.0,D 1400-1530,TBA,GATCHALIAN| JOYCE B.,20,ENG,U,7,-,N,N,
A,ORAL DEFENSE,0.0,TBA,TBA,TBA| -,50,ENG,G,49,-,N,N,
A,THESIS II,0.0,TBA,TBA,TBA| -,50,ENG,G,47,-,N,N,
A,PAMARAAN NG PAGSASALIKSIK NA PAMPANITIKAN,3.0,D 0800-0930,TBA,YAPAN| ALVIN B.,26,ENG,G,26,-,N,N,
A,PANITIKANG FILIPINO SA IKA-19 NA DANTAON,3.0,D 1400-1530,TBA,COROZA| MICHAEL M.,26,ENG,G,26,-,N,N,
A,MAPANURING KASAYSAYAN NG PANITIKAN NG PILIPINAS,3.0,D 1100-1230,TBA,ULIT| CLAUDETTE M.,26,ENG,G,25,-,N,N,
A,PRACTICUM 1,3.0,D 0930-1100,TBA,LIM| MARK BENEDICT F.,26,ENG,U,25,-,N,N,
A,KULTURANG POPULAR AT USAPIN NG KASARIAN,3.0,D 1230-1400,TBA,DEVILLES| GARY C.,30,ENG,U,3,-,N,N,
A,MGA PANITIKAN AT PELIKULA NG SIYUDAD: PANAHON NG BATAS MILITAR,3.0,D 0930-1100,TBA,DEVILLES| GARY C.,30,ENG,U,12,-,N,N,
A,PANITIKAN NG PILIPINAS,3.0,D 0930-1100,TBA,BENITEZ| CHRISTIAN JIL R.,26,ENG,U,17,-,N,N,
A,PANITIKAN NG PILIPINAS PARA SA MGA DI-KATUTUBONG TAGAPAGSALITA NG FILIPINO (PANITIKAN NG PILIPINAS FOR NON-FILIPINO SPEAKERS),3.0,D 1100-1230,TBA,ABELEDA| ANNA TRISHA MONICA O.,26,ENG,U,26,-,N,N,
A,MALAYUNING KOMUNIKASYON,3.0,D 1230-1400,TBA,BENITEZ| CHRISTIAN JIL R.,26,ENG,U,20,-,N,N,
A,RESEARCH PAPER,0.0,TBA,TBA,TBA| -,50,ENG,G,50,-,N,N,
A,MANAGERIAL ACCOUNTING,3.0,D 1100-1230,TBA,ONG| JANICA MARIE T.,25,ENG,U,0,-,N,N,
A,INTEGRATING CLASS,3.0,SAT 0830-0430,TBA,TIONLOC| JAVIER RICO ISRAEL R.,20,ENG,U,4,-,N,N,
A,SEMINAR,1.0,W 1800-2030,TBA,MENDOZA| Milette,2,ENG,G,0,ALL SLOTS FOR MEM MAJORS.*TUTORIAL,N,N,
A,ENVIRONMENTAL IMPACT ASSESSMENT,3.0,D 1530-1700,TBA,FUTALAN| Cybelle Concepcion,2,ENG,U,0,2 SLOTS FOR BS ES MAJORS.,N,N,
A,ENVIRONMENTAL MONITORING| LAB.,3.0,D 0930-1100,TBA,JARDELEZA MIJARES| JEAN MEIR P.,2,ENG,U,0,ALL SLOTS FOR BS ES MAJORS.,N,N,
A,ES PUBLICATIONS AND CONFERENCES,0.0,TBA,TBA,TBA| -,50,ENG,G,50,-,N,N,
A,DISSERTATION WRITING II,6.0,TBA,TBA,TBA| -,50,ENG,G,50,-,N,N,
A,DISSERTATION RESEARCH III,0.0,TBA,TBA,TBA| -,50,ENG,G,50,-,N,N,
A,DISSERTATION RESEARCH II,0.0,TBA,TBA,TBA| -,50,ENG,G,50,-,N,N,
A,DISSERTATION RESEARCH I,0.0,TBA,TBA,TBA| -,50,ENG,G,50,-,N,N,
A,DISSERTATION WRITING I,6.0,TBA,TBA,TBA| -,50,ENG,G,50,-,N,N,
A,COMPREHENSIVE EXAM,0.0,TBA,TBA,TBA| -,50,ENG,G,50,-,N,N,
A,SPECIAL TOPICS,3.0,M-W-F 1530-1800,TBA,GOTANGCO| CHARLOTTE KENDRA D.,2,ENG,G,1,-,N,N,
A,RESIDENCY FOR MASTER'S LEVEL,0.0,TBA,TBA,TBA| -,50,ENG,G,50,-,N,N,
A,ORAL DEFENSE (MASTERS),0.0,TBA,TBA,TBA| -,50,ENG,G,50,-,N,N,
A,MASTER'S PROJECT,2.0,T-TH 1700-1930,TBA,GUZMAN| MA AILEEN LEAH G.,12,ENG,G,11,-,N,N,
A,SPECIAL TOPICS:  OBJECT ORIENTED PROGRAMMING FOR MOBILE SYSTEMS,3.0,D 1400-1530,TBA,JONGKO| JEFFREY J.,12,ENG,G,3,-,N,N,
A,PRINCIPLES OF FINANCE,3.0,D 1400-1530,TBA,TONG| ALDO ZELIG U.,27,ENG,U,0,-,N,N,
A,ART AS INQUIRY: ART OF RESPONSE,3.0,M-W-F 1530-1800,TBA,VAN DER WALL| Hidde Tjakke,25,ENG,U,0,1 SLOTS FOR 3RD YEAR AB AM MAJORS.,N,N,
A,DATA VISUALIZATION,3.0,D 0930-1100,TBA,TEE| HANNAH ELYSE U.,2,ENG,G,1,-,N,N,
A,INTRODUCTION TO ARTIFICIAL INTELLIGENCE,3.0,D 1530-1700,TBA,CORONEL| ANDREI D.,24,ENG,G,3,-,N,N,
A,PRACTICUM,3.0,SAT 0800-1100,TBA,CASANO| JONATHAN DL.| SUGAY| JESSICA O.,27,ENG,U,0,ALL SLOTS FOR BS CS MAJORS. ALL SLOTS FOR BSMS CS MAJORS. ALL SLOTS FOR BS CS-DGDD MAJORS.,N,N,
A,SPECIAL TOPICS IN SOFTWARE ENGINEERING: ANDROID DEVELOPMENT,3.0,D 1400-1530,TBA,JONGKO| JEFFREY J.,35,ENG,U,8,ALL SLOTS FOR BS CS MAJORS. ALL SLOTS FOR BSMS CS MAJORS. ALL SLOTS FOR BS CS-DGDD MAJORS. ALL SLOTS FOR BS MIS MAJORS. ALL SLOTS FOR BSMIS-MSCS MAJORS. ALL SLOTS FOR INTERACTIVE MULTIMEDIA MINORS/SPECIALIZATION. ALL SLOTS FOR ENTERPRISE SYSTEMS MINORS/SPECIALIZATION.,N,N,
A,WEB PAGE DESIGN,3.0,D 1530-1700,TBA,DE LA CRUZ| ROMELL IAN B.| SAMACO| JAPHETH DUANE C.,20,ENG,U,1,ALL SLOTS FOR BS CS MAJORS. ALL SLOTS FOR BSMS CS MAJORS. ALL SLOTS FOR BS CS-DGDD MAJORS.*FOR PRE-ENLISTED MNST ELECTIVE TAKERS ONLY,N,N,
A,HUMAN COMPUTER INTERACTION,3.0,D 1100-1230,TBA,AGAPITO| JENILYN L.,25,ENG,U,-1,-,N,N,
A,DATA VISUALIZATION,3.0,D 0930-1100,TBA,TEE| HANNAH ELYSE U.,38,ENG,U,-2,-,N,N,
A,INTRODUCTION TO ARTIFICIAL INTELLIGENCE,3.0,D 1530-1700,TBA,BAUTISTA| FRANCIS MICHAEL T.| CORONEL| ANDREI D.,20,ENG,U,-1,ALL SLOTS FOR BS CS MAJORS. ALL SLOTS FOR BSMS CS MAJORS. ALL SLOTS FOR BS CS-DGDD MAJORS. ALL SLOTS FOR BS MIS MAJORS. ALL SLOTS FOR BSMIS-MSCS MAJORS. ALL SLOTS FOR DATA SCIENCE AND ANALYTICS MINORS/SPECIALIZATION.,N,N,
A,PRACTICUM,3.0,TUTORIAL 0000-0000,TBA,SUGAY| JESSICA O.,5,ENG,U,2,ALL SLOTS FOR BS CS MAJORS. ALL SLOTS FOR BSMS CS MAJORS. ALL SLOTS FOR BS CS-DGDD MAJORS.,N,N,
A,INTEGRATIVE PROJECT,1.0,TUTORIAL 0000-0000,TBA,TY| JAYZON F.,1,ENG,U,0,ALL SLOTS FOR BS CS MAJORS. ALL SLOTS FOR BSMS CS MAJORS. ALL SLOTS FOR BS CS-DGDD MAJORS.,N,N,
A,ART APPRECIATION,3.0,D 0930-1100,TBA,MA-ALAT| Pauline Bianca,30,ENG,U,-2,-,N,N,
A,RESEARCH PROJECTS IN HISTORY,0.0,TBA,TBA,TBA| -,50,ENG,G,50,-,N,N,
A,PRACTICUM,3.0,D 1230-1400,TBA,GIRON| BRIAN PAUL A.,10,ENG,U,3,ALL SLOTS FOR AB HI MAJORS.,N,N,
A,ENTREPRENEURIAL FINANCE,3.0,T-TH 1700-2000; W 1700-1830,TBA; TBA,PARLAN| ALICE ANN M.,25,ENG,U,0,-,N,N,
A,READINGS IN PHILIPPINE HISTORY,3.0,D 0930-1100,TBA,NAVARRO| FRANCIS M.,29,ENG,U,0,-,N,N,
A,SCHOLARLY WORK 1B: COLLABORATION AND DATA COLLECTION,2.0,D 1830-1930,TBA,ADARLO| GENEJANE M.,8,ENG,U,1,-,N,N,
A,RESEARCH METHODS IN HEALTH SCIENCES,3.0,D 1100-1230,TBA,ADARLO| GENEJANE M.| CAPIO| CATHERINE M.,87,ENG,U,1,-,N,N,
A,THE HEALTH PROFESSIONAL AS ADMINISTRATOR,1.0,D 1400-1530,TBA,MARQUEZ| NORMAN DENNIS E.| RODEROS| Ma. Via Jucille,19,ENG,U,0,-,N,N,
A,INTRODUCTION TO HEALTH POLICY AND SYSTEMS RESEARCH,3.0,D 1530-1700,TBA,SIY VAN| VANESSA T.,30,ENG,U,0,-,N,N,
A,FUNDAMENTALS OF GLOBAL HEALTH,3.0,D 1230-1400,TBA,RODEROS| Ma. Via Jucille,30,ENG,U,-4,-,N,N,
A,STATISTICS FOR THE HEALTH SCIENCES,3.0,D 1230-1400,TBA,HAW| NEL JASON L.| SIY VAN| VANESSA T.,87,ENG,U,2,-,N,N,
A,MATERIALS IMPROVISATION,3.0,TUTORIAL 0000-0000,TBA,MARASIGAN| ALFRED BENEDICT C.,2,ENG,G,1,-,N,N,
A,SPECIAL TOPICS IN INFORMATION DESIGN: VISUAL NARRATIVES IN COMICS AND GRAPHIC NOVELS,3.0,SAT 0800-1230; SAT 1400-1700,TBA; TBA,LAO| Joan Eunice| SOLIONGCO| ANGELO ALFONSO G.,16,ENG,U,12,-,N,N,
A,DESIGN PROCEDURES: CHARACTER DESIGN,3.0,T 0800-1100; TH 0800-1230,TBA; TBA,MARCELO| MENEER B.,16,ENG,U,-1,-,N,N,
A,DESIGN PROCEDURES: INTERACTION DESIGN,3.0,SAT 0800-1230; SAT 1400-1700,TBA; TBA,NAVARRO| ROXANNE E.,16,ENG,U,0,-,N,N,
A,DESIGN PROCEDURES: PRINT AND PUBLICATION DESIGN,3.0,T 1700-2000; TH 1700-2130,TBA; TBA,BELMONTE| JAN-DANIEL S.,19,ENG,U,5,-,N,N,
A,DESIGN PRACTICE:  BRANDING,3.0,M-W-F 1030-1300,TBA,MONSOD| TRACY ANN LIBERTY A.,15,ENG,U,0,-,N,N,
A,INTERNSHIP AND PROFESSIONAL EXPOSURE,3.0,SAT 0800-1230; SAT 1400-1700,TBA; TBA,BAUTISTA| Jaime Maria,25,ENG,U,2,-,N,N,
A,RIZAL AND THE EMERGENCE OF THE PHILIPPINE NATION,3.0,D 0800-0930,TBA,LOZADA| DAVID III O.,30,ENG,U,0,-,N,N,
A,THESIS 2 (THESIS WRITING AND DEFENSE),0.0,M-W-F 0800-1030,TBA,GUZMAN| MA AILEEN LEAH G.,15,ENG,G,13,-,N,N,
A,PRACTICUM II,0.0,TBA,TBA,TBA| -,50,ENG,G,49,-,N,N,
A,FINAL PAPER SUBMISSION,0.0,TBA,TBA,TBA| -,50,ENG,G,46,-,N,N,
A,ATENEO SOCIAL AND CULTURAL LABORATORY I,3.0,D 0800-0930,TBA,LIM| LIZA L.| WUI| Ma. Glenda,20,ENG,U,1,ALL SLOTS FOR 4TH YEAR AB SOCIO MAJORS.,N,N,
A,GLOBALIZATION| LOCALITIES AND IDENTITIES,3.0,D 1400-1530,TBA,ZIALCITA| FERNANDO N.,12,ENG,U,6,-,N,N,
A,ETHNOGRAPHIC ANALYSIS,3.0,D 1530-1700,TBA,ZIALCITA| FERNANDO N.,12,ENG,U,9,-,N,N,
A,AN INTRODUCTION TO MEDIA AND POLITICS,3.0,M-W-F 1030-1300,TBA,NERY| Mario Jr.,30,ENG,U,0,-,N,N,
A,POLITICS| GOVERNANCE| AND CITIZENSHIP,3.0,D 0930-1100,TBA,AGUIRRE| ARJAN P.,36,ENG,U,3,ALL SLOTS FOR 4TH YEAR STUDENTS.,N,N,
A,THE CONTEMPORARY WORLD,3.0,D 0930-1100,TBA,ALFILER| CHERIE AUDREY A.,21,ENG,U,0,-,N,N,
A,SCIENCE| TECHNOLOGY| AND SOCIETY,3.0,D 0930-1100,TBA,AMANTE| Francesco| GONZALEZ| PAOLO ANTONIO G.,23,ENG,U,0,-,N,N,
A,RESEARCH METHODS AND BUSINESS MODELLING TECHNIQUES,3.0,D 0800-0930,TBA,ILAGAN| JOSEPH BENJAMIN R.| UY| MATTHEW LAURENCE A.,28,ENG,U,0,-,N,N,
A,STATISTICAL MODELING,3.0,D 0930-1100,TBA,FILART| Jan Paul,19,ENG,U,0,-,N,N,
A,STATISTICAL ANALYSIS,3.0,D 0930-1100,TBA,AGBAYANI| VICTOR E.,19,ENG,U,0,-,N,N,
A,APPLIED STATISTICS: TOOLS AND APPLICATIONS,3.0,D 1400-1530,TBA,VILLEGAS| KERISH S.,29,ENG,U,0,-,N,N,
A,INFORMATION TECHNOLOGY APPLICATION PROGRAMMING (BYOD),3.0,D 1100-1230,TBA,ILAGAN| JOSEPH BENJAMIN R.,27,ENG,U,0,-,N,N,
A,BASIC INFORMATION TECHNOLOGY APPLICATIONS IN BUSINESS BYOD: EXCEL + DATA VISUALIZATION,3.0,M-W-F 1300-1530,TBA,CALUAG| JOSE ANTONIO I.,22,ENG,U,0,-,N,N,
A,ATENEO SOCIAL AND CULTURAL LABORATORY II,3.0,D 0930-1100,TBA,LIM| LIZA L.| WUI| Ma. Glenda,20,ENG,U,1,ALL SLOTS FOR 4TH YEAR AB SOCIO MAJORS.,N,N,
A,BASIC INFORMATION TECHNOLOGY APPLICATIONS IN BUSINESS: EXCEL + E-COMMERCE DEVELOPMENT,3.0,D 0930-1100,TBA,TORRES| PATRICK G.,22,ENG,U,0,-,N,N,
A,TECHNOLOGY VENTURE START-UP I,3.0,D 0930-1100,TBA,DE LA RAMA| Gian Paulo| ILAGAN| JOSEPH BENJAMIN R.,35,ENG,U,0,ALL SLOTS FOR 4TH YEAR BS ITE MAJORS.,N,N,
A,CREATIVE THINKING AND INNOVATION MANAGEMENT,3.0,D 0930-1100,TBA,UY| MATTHEW LAURENCE A.,24,ENG,U,0,-,N,N,
A,INTRODUCTION TO DECISION MAKING AND MANAGEMENT SCIENCE,3.0,M-W-F 1800-2030,TBA,UY| MATTHEW LAURENCE A.,11,ENG,U,0,*UPON APPROVAL OF THE PROGRAM DIRECTOR,N,N,
A,DISSERTATION II,0.0,TBA,TBA,TBA| -,50,ENG,G,50,ALL SLOTS FOR PHD Psych MAJORS. ALL SLOTS FOR PHD CPsych MAJORS.,N,N,
A,DISSERTATION I,0.0,TBA,TBA,TBA| -,50,ENG,G,50,ALL SLOTS FOR PHD Psych MAJORS. ALL SLOTS FOR PHD CPsych MAJORS.,N,N,
A,COMPREHENSIVE EXAMINATIONS,0.0,TBA,TBA,TBA| -,50,ENG,G,44,ALL SLOTS FOR PHD Psych MAJORS. ALL SLOTS FOR PHD CPsych MAJORS.,N,N,
A,THESIS II,0.0,TBA,TBA,TBA| -,50,ENG,G,47,*FOR PSY STUDENTS ACROSS MA PSY PROGRAMS,N,N,
A,THESIS I,0.0,TBA,TBA,TBA| -,50,ENG,G,49,*FOR PSY STUDENTS ACROSS MA PSY PROGRAMS,N,N,
A,CULMINATING PROJECT,3.0,TBA,TBA,TBA| -,50,ENG,G,47,*FOR PSY GRAD STUDENTS ACROSS MP PSY PROGRAMS ONLY,N,N,
A,COMPREHENSIVE EXAMINATIONS,0.0,TBA,TBA,TBA| -,50,ENG,G,30,*FOR PSY GRAD STUDENTS ACROSS MA/MP PSY PROGRAMS ONLY,N,N,
A,ADULT & LIFELONG LEARNING: FOUNDATIONS| PRACTICES| AND ISSUES,3.0,M-W-F 1830-2100,TBA,YAO| KAREN MELANIE L.,15,ENG,G,6,*ALL SLOTS for PYSCHOLOGY GRADUATE STUDENTS ACROSS MA/MP/PHD PROGRAMS and for PHD LEADS - OD & PHD LEADS -  BL STUDENTS,N,N,
A,SEMINAR IN HUMAN DEVELOPMENT:  SPECIAL EDUCATION:  OVERVIEW OF LEARNING AND BEHAVIORAL CHALLENGES,3.0,T 0800-1100; TH 0800-1230,TBA; TBA,PEREZ| Patricia H.,15,ENG,G,1,*ALL SLOTS for PYSCHOLOGY GRADUATE STUDENTS ACROSS MA/MP/PHD PROGRAMS and for PHD LEADS- BL STUDENT,N,N,
A,PSYCHOLOGY OF DISASTER RESPONSE,3.0,M-W-F 1830-2100,TBA,ACOSTA| AVEGALE C.,15,ENG,G,2,*ALL SLOTS for PSYCHOLOGY GRADUATE STUDENTS ACROSS MA/MP/PHD PROGRAMS,N,N,
A,BASIC INFORMATION TECHNOLOGY APPLICATIONS IN BUSINESS (BYOD),3.0,D 0800-0930,TBA,RUEDA| Jose IV,20,ENG,U,0,-,N,N,
A,COUNSELING AND PSYCHOTHERAPY,3.0,T 1230-1700; TH 1400-1700,TBA; TBA,FERNANDEZ| KARINA THERESE G.,15,ENG,G,3,*ALL SLOTS for PSYCHOLOGY GRADUATE STUDENTS ACROSS MA/MP/PHD PROGRAMS,N,N,
A,RESEARCH IN SOCIAL SYSTEMS,3.0,TUTORIAL 0000-0000,TBA,NAVARRA| Melissa,5,ENG,G,4,-,N,N,
A,KEY CONCEPTS AND CRITICAL DEBATES IN SOCIAL| INTERNATIONAL| AND TRANSDISCIPLINARY DEVELOPMENT,3.0,TBA,TBA,LIAO| KAREN ANNE S.| RODA| MARIA ANDREA S.,16,ENG,G,0,*From June 28-July 13| 2021,N,N,
A,DISSERTATION II,0.0,TBA,TBA,TBA| -,50,ENG,G,46,-,N,N,
A,BASICS IN THE RENEWAL OF RELIGIOUS EDUCATION,3.0,TBA,TBA,TBA| -,40,ENG,G,40,ALL SLOTS FOR TMP STUDENTS.,N,N,
A,DEVELOPMENT IN THE SPIRITUAL LIFE,3.0,TBA,TBA,VALDES| Carmen,30,ENG,G,30,-,N,N,
A,IGNATIAN SPIRITUALITY,3.0,TBA,TBA,TBA| -,40,ENG,G,40,ALL SLOTS FOR TMP STUDENTS.,N,N,
A,PRACTICAL THEOLOGY,3.0,TBA,TBA,TBA| -,30,ENG,G,29,ALL SLOTS FOR TMP STUDENTS.,N,N,
A,EXEGESIS:  WISDOM LITERATURE,3.0,TBA,TBA,TBA| -,30,ENG,G,30,ALL SLOTS FOR TMP STUDENTS.,N,N,
A,FINAL PAPER SUBMISSION ,0.0,TBA,TBA,TBA| -,50,ENG,G,50,-,N,N,
A,BASICS IN THE RENEWAL OF RELIGIOUS EDUCATION,3.0,TBA,TBA,TBA| -,40,ENG,G,38,ALL SLOTS FOR TMP STUDENTS.,N,N,
A,GIVING THE SPIRITUAL EXERCISES OF ST. IGNATIUS,3.0,TBA,TBA,QUILONGQUILONG| SJ| FR. JOSE,40,ENG,G,40,ALL SLOTS FOR TMP STUDENTS.,N,N,
A,SUPERVISED RETREAT GIVING EXPERIENCE,3.0,TBA,TBA,BUENCONSEJO| S.J.| FR. ROBERTO R.,40,ENG,G,40,ALL SLOTS FOR TMP STUDENTS.,N,N,
A,FUNDAMENTALS OF DIRECTED RETREAT GIVING,3.0,TBA,TBA,QUILONGQUILONG| SJ| FR. JOSE,40,ENG,G,40,ALL SLOTS FOR TMP STUDENTS.,N,N,
A,FOUNDATIONS FOR DIRECTED RETREAT,3.0,TBA,TBA,QUILONGQUILONG| SJ| FR. JOSE,40,ENG,G,40,ALL SLOTS FOR TMP STUDENTS.,N,N,
A,DEVELOPING IN THE SPIRITUAL LIFE:  THE PSYCHOLOGICAL AND SPIRITUAL PERSPECTIVES OF THE HUMAN PERSON,3.0,TBA,TBA,VALDES| Carmen,30,ENG,G,26,ALL SLOTS FOR TMP STUDENTS.,N,N,
A,READINGS IN SOCIAL SYSTEMS,3.0,TUTORIAL 0000-0000,TBA,NAVARRA| Melissa,5,ENG,G,4,-,N,N,
A,IGNATIAN SPIRITUALITY,3.0,TBA,TBA,TBA| -,40,ENG,G,36,ALL SLOTS FOR TMP STUDENTS.,N,N,
A,EXEGESIS:  WISDOM LITERATURE,3.0,TBA,TBA,TBA| -,40,ENG,G,37,ALL SLOTS FOR TMP STUDENTS.,N,N,
A,INTRODUCTION TO THE OLD TESTAMENT,3.0,TBA,TBA,RAMIREZ| S.J.| FR. FELIPE FRUTO LL.,40,ENG,G,38,ALL SLOTS FOR TMP STUDENTS.,N,N,
A,FUNDAMENTAL MORAL THEOLOGY,3.0,TBA,TBA,GENILO| FR. ERIC MARCELO,30,ENG,G,26,ALL SLOTS FOR TMP STUDENTS.,N,N,
A,FAITH| SPIRITUALITY| AND THE CHURCH,3.0,D 0930-1100,TBA,ODULIO| EDWIN B.,17,ENG,U,0,-,N,N,
A,CAPSTONE PROJECT,0.0,TBA,TBA,TBA| -,50,ENG,G,50,-,N,N,
A,PROJECT MANAGEMENT 3:PUBLIC PRESENTATION,0.0,TBA,TBA,TBA| -,50,ENG,G,50,-,N,N,
A,PROJECT MANAGEMENT 2: IMPLEMENTATION,3.0,TBA,TBA,TBA| -,0,ENG,G,0,-,N,N,
A,PROJECT MANAGEMENT 1: DESIGN,3.0,TBA,TBA,CANUDAY| JOSE JOWEL P.| NAVARRA| Melissa| PAYOT| JUNEFE G.,16,ENG,G,0,*From June 28-July 10| 2021,N,N,
A,COMPREHENSIVE EXAMINATION,0.0,TBA,TBA,TBA| -,50,ENG,G,50,-,N,N,
A,RESEARCH METHODS IN TRANSDISCIPLINARY SOCIAL DEVELOPMENT,3.0,TBA,TBA,DALUPANG| JOHN PAOLO C.| LIM| LIZA L.,20,ENG,G,5,*From August 2-17| 2021,N,N,
A,SYSTEMS THINKING FOR RISK GOVERNANCE| RESILIENCE| AND DEVELOPMENT,3.0,TBA,TBA,PORIO| EMMA E.,20,ENG,G,1,*From July 12-26| 2021,N,N,
A,COMMUNITY DEVELOPMENT| MICROPOLITICS| AND COOPERATION,3.0,TBA,TBA,NAVARRA| Melissa| RACELIS| MARY,20,ENG,G,0,*From July 28-August 10| 2021,N,N,
A,SOCIAL THEORY AND TRANSDISCIPLINARY DEVELOPMENT,3.0,TBA,TBA,LEVISTE| ENRIQUE NINO P.,16,ENG,G,1,*From July 15-30| 2021,N,N,
A,INTRODUCTION TO THE NEW TESTAMENT,3.0,TBA,TBA,CATAN| Moses Jarvis,40,ENG,G,39,ALL SLOTS FOR TMP STUDENTS.,N,N,
A,PRACTICUM I,3.0,TBA,TBA,TBA| -,50,ENG,G,50,-,N,N,
A,PRACTICUM,3.0,T 1230-1700,TBA,TEH| LOTA A.,19,ENG,U,-1,ALL SLOTS FOR 4TH YEAR AB PSY MAJORS. ALL SLOTS FOR 4TH YEAR BS PSY MAJORS.*SLASH WITH PSY 111 A,N,N,
A,GENIUS AND MADNESS: ABNORMAL PSYCHOLOGY IN WESTERN ARTS| LITERATURE AND HISTORY,3.0,T 0800-1100; TH 0800-1230,TBA; TBA,MARIANO| MELISSA PAULITA V.,15,ENG,U,0,-,N,N,
A,PHYSICS IN SOCIETY WITH PRACTICUM,3.0,TBA,TBA,MAHINAY| CHRISTIAN LORENZ S.,25,ENG,U,6,*Slash with PS 191A,N,N,
A,CLASSICAL MECHANICS I,3.0,TBA,TBA,MAQUILING| JOEL T.,5,ENG,U,3,-,N,N,
A,MATHEMATICAL PHYSICS I,3.0,D 1530-1700,TBA,BLANCAS| PHILIP JORDAN D.,30,ENG,U,9,-,N,N,
A,ANALYTICAL PHYSICS IV| LABORATORY,1.0,M-W-F 1000-1200,TBA,VARGAS| Noel,30,ENG,U,12,-,N,N,
A,ANALYTICAL PHYSICS IV| LECTURE,3.0,D 1400-1530,TBA,VARGAS| Noel,30,ENG,U,13,-,N,N,
A,ANALYTICAL PHYSICS III| LABORATORY,1.0,M-W-F 1300-1500,TBA,DACANAY| RODSON O.,20,ENG,U,0,-,N,N,
A,ANALYTICAL PHYSICS III| LECTURE,3.0,D 0930-1100,TBA,MAGALI| JOHN KEITH V.,20,ENG,U,0,-,N,N,
A,ELECTROMAGNETICS,3.0,TBA,TBA,SUGON| JR.| QUIRINO M.,5,ENG,U,2,-,N,N,
A,GENERAL PHYSICS I| LABORATORY,1.0,M-W-F 1700-1900,TBA,CHAN| BENJAMIN O.,20,ENG,U,0,-,N,N,
A,GENERAL PHYSICS I| LECTURE,3.0,D 1100-1230,TBA,CHAN| BENJAMIN O.,20,ENG,U,9,-,N,N,
A,FINAL PAPER SUBMISSION,0.0,TBA,TBA,TBA| -,10,ENG,G,10,-,N,N,
A,RESIDENCY,0.0,TBA,TBA,TBA| -,10,ENG,G,10,-,N,N,
A,ORAL DEFENSE,0.0,TBA,TBA,TBA| -,10,ENG,G,10,-,N,N,
A,UNDERGRADUATE THESIS II,1.0,TBA,TBA,BENNETT| CLINT DOMINIC G.,5,ENG,U,4,-,N,N,
A,THESIS 2,3.0,TBA,TBA,TBA| -,10,ENG,G,9,-,N,N,
A,COMPREHENSIVE EXAMINATIONS,0.0,TBA,TBA,TBA| -,5,ENG,G,5,-,N,N,
A,RECREATIONAL ACTIVITIES,2.0,D 1100-1230,TBA,ASAJAR| ARTURO F.,15,ENG,U,0,-,N,N,
A,MUAY THAI,2.0,D 0800-0930,TBA,PUERTOLLANO| PAUL ANDRE A.,15,ENG,U,6,-,N,N,
A,FOUNDATIONS OF PHYSICAL FITNESS AND HEALTH,2.0,D 0930-1100,TBA,RODIL| ANGELI MARIE T.,15,ENG,U,0,-,N,N,
A,THESIS I,0.0,TBA,TBA,TBA| -,50,ENG,G,48,-,N,N,
A,THE VALUE AND AIMS OF EDUCATION,3.0,M-W-F 1300-1530,TBA,PALACIOS| ROWENA ANTHEA A.,25,ENG,U,0,*Interdisciplinary Elective. The course will make extensive use of videos and films.,N,N,
A,BASIC SPANISH 1 LANGUAGE AND CULTURE,3.0,D 0800-0930,TBA,YOUNG| MARIA LUISA P.,16,~,U,0,-,N,N,
A,BASIC RUSSIAN 1 LANGUAGE AND CULTURE,3.0,D 1100-1230,TBA,VILLAR| JR.| FRANCISCO R.,16,~,U,8,-,N,N,
A,BASIC GERMAN 1 LANGUAGE AND CULTURE,3.0,D 0800-0930,TBA,COBARRUBIAS| PRINCESS MAE D.,16,~,U,1,-,N,N,
A,BASIC FRENCH 1 LANGUAGE AND CULTURE,3.0,D 0800-0930,TBA,YU| ROBERT JOHN C.,16,~,U,0,-,N,N,
A,RESIDENCY,0.0,TBA,TBA,TBA| -,50,ENG,G,49,-,N,N,
A,DISSERTATION II,0.0,TBA,TBA,TBA| -,50,ENG,G,50,-,N,N,
A,RESEARCH IN MATHEMATICS EDUCATION I,6.0,TUTORIAL 0000-0000,TBA,TBA| -,2,ENG,G,0,-,N,N,
A,THESIS I,3.0,TBA,TBA,TBA| -,5,ENG,G,2,-,N,N,
A,DATA ANALYTICS FOR TEXT ANALYSIS,3.0,D 1100-1230,TBA,MEDRIANO| Jose III,15,ENG,U,0,-,N,N,
A,SPECIAL TOPICS:  COMPLEX SYSTEMS,3.0,TBA,TBA,MAQUILING| JOEL T.,10,ENG,G,8,-,N,N,
A,THESIS I,0.0,TBA,TBA,TBA| -,10,ENG,G,10,-,N,N,
A,INTRODUCTION TO ASSESSMENT AND MANAGEMENT OF DEVELOPMENT DISABILITIES,3.0,T 0800-1230; TH 0800-1100,TBA; TBA,ALIANAN| ARSENIO| JR. S.,24,ENG,U,2,ALL SLOTS FOR 4TH YEAR AB PSY MAJORS. ALL SLOTS FOR 4TH YEAR BS PSY MAJORS.,N,N,
A,HYPNOSIS AND HYPNOTHERAPHY,3.0,T 0800-1100; TH 0800-1230,TBA; TBA,RAMOS| MA. LOURDES L.,15,ENG,U,0,ALL SLOTS FOR 4TH YEAR AB PSY MAJORS. ALL SLOTS FOR 4TH YEAR BS PSY MAJORS. 1 SLOTS FOR 3RD YEAR BS PSY MAJORS.,N,N,
A,BASIC COUNSELING PRINCIPLES AND TECHNIQUES FOR INDIVIDUAL AND GROUP SETTINGS,3.0,T 0800-1100; TH 0800-1230,TBA; TBA,FERNANDEZ| KARINA THERESE G.,21,ENG,U,0,ALL SLOTS FOR 4TH YEAR AB PSY MAJORS. ALL SLOTS FOR 4TH YEAR BS PSY MAJORS.,N,N,
A,PSYCHOLOGICAL INTERVENTIONS IN DIVERSE COMMUNITY SITUATIONS,3.0,SAT 1230-1700; T 1400-1700,TBA; TBA,HECHANOVA| MA. REGINA M.,24,ENG,U,2,ALL SLOTS FOR 4TH YEAR AB PSY MAJORS. ALL SLOTS FOR 4TH YEAR BS PSY MAJORS.,N,N,
A,STRATEGIC HUMAN RESOURCE MANAGEMENT,3.0,T 0800-1100; TH 0800-1230,TBA; TBA,LOMBOS| EMILY ANN I.,20,ENG,U,1,ALL SLOTS FOR 4TH YEAR AB PSY MAJORS. ALL SLOTS FOR 4TH YEAR BS PSY MAJORS. 1 SLOTS FOR 3RD YEAR BS PSY MAJORS.,N,N,
A,DYNAMICS OF GROUPS IN ORGANIZATIONS,3.0,T 1400-1700; TH 1230-1700,TBA; TBA,CALLEJA| MENDIOLA T.,20,ENG,U,0,ALL SLOTS FOR 4TH YEAR AB PSY MAJORS. ALL SLOTS FOR 4TH YEAR BS PSY MAJORS.,N,N,
A,CULTURE AND PSYCHOLOGY,3.0,T 1100-1400; TH 1230-1700,TBA; TBA,CANOY| NICO A.,20,ENG,U,2,ALL SLOTS FOR 4TH YEAR AB PSY MAJORS. ALL SLOTS FOR 4TH YEAR BS PSY MAJORS.,N,N,
A,CURRENT ISSUES IN PSYCHOLOGY:  DISASTER AND MENTAL HEALTH,3.0,M-W-F 1300-1530,TBA,ACOSTA| AVEGALE C.,15,ENG,U,5,-,N,N,
A,PRACTICUM,3.0,T 1230-1700,TBA,TEH| LOTA A.,1,ENG,U,0,*SLASH WITH PSYC 197 A,N,N,
A,DISSERTATION II,0.0,TBA,TBA,TBA| -,50,ENG,G,48,ALL SLOTS FOR PHD LS-BL MAJORS. ALL SLOTS FOR PHD LS-OD MAJORS.,N,N,
A,DISSERTATION I,0.0,TBA,TBA,TBA| -,50,ENG,G,50,ALL SLOTS FOR PHD LS-BL MAJORS. ALL SLOTS FOR PHD LS-OD MAJORS.,N,N,
A,COMPREHENSIVE EXAMINATIONS,0.0,TBA,TBA,TBA| -,50,ENG,G,43,ALL SLOTS FOR PHD LS-BL MAJORS. ALL SLOTS FOR PHD LS-OD MAJORS.,N,N,
A,STRATEGIC LEADERSHIP INNOVATION| AND CHANGE,3.0,M 0800-1700,TBA,MAGSAYSAY| JOWETT CECILIO F.,15,ENG,G,5,ALL SLOTS FOR PHD LS-BL MAJORS. ALL SLOTS FOR PHD LS-OD MAJORS.,N,N,
A,COMPREHENSIVE EXAMINATIONS,0.0,TBA,TBA,TBA| -,10,ENG,G,8,-,N,N,
A,COMPARATIVE ASEAN HEALTH POLICIES,3.0,D 1100-1230,TBA,CLAUDIO| JESSICA SANDRA R.| LOPEZ| LESLIE A.,30,ENG,U,0,-,N,N,
A,NON-DEMOCRATIC REGIMES,3.0,TUTORIAL 0000-0000,TBA,LIM| MILLARD O.,1,ENG,G,0,-,N,N,
A,GRADUATE SEMINAR IN INTERNATIONAL RELATIONS,3.0,TUTORIAL 0000-0000,TBA,QUINTANA| OLIVER JOHN C.,1,ENG,G,0,-,N,N,
A,GRADUATE SEMINAR IN COMPARATIVE POLITICS,3.0,TUTORIAL 0000-0000,TBA,LIM| MILLARD O.,1,ENG,G,0,-,N,N,
A,DIRECTED STUDY: PRACTICUM,3.0,D 1400-1530,TBA,ABAO| CARMEL V.,30,ENG,U,0,-,N,N,
A,UNDERGRADUATE THESIS IV,1.0,TBA,TBA,TBA| -,5,ENG,U,5,-,N,N,
A,UNDERGRADUATE THESIS III,2.0,TBA,TBA,TBA| -,5,ENG,U,5,-,N,N,
A,UNDERGRADUATE THESIS II,2.0,TBA,TBA,BENNETT| CLINT DOMINIC G.,5,ENG,U,5,-,N,N,
A,ON THE JOB TRAINING,3.0,TBA,TBA,MAHINAY| CHRISTIAN LORENZ S.,5,ENG,U,2,*Slash with PHYS 197A,N,N,
A,PROJECT II,6.0,TBA,TBA,TBA| -,10,ENG,G,10,-,N,N,
A,PROJECT I,0.0,TBA,TBA,TBA| -,10,ENG,G,10,-,N,N,
A,DISSERTATION II,0.0,TBA,TBA,TBA| -,10,ENG,G,6,-,N,N,
A,DISSERTATION I,0.0,TBA,TBA,TBA| -,10,ENG,G,10,-,N,N,
A,THESIS II,0.0,TBA,TBA,TBA| -,10,ENG,G,8,-,N,N,
A,PRACTICUM/INTERNSHIP,3.0,TUTORIAL 0000-0000,TBA,ABAO| CARMEL V.,1,ENG,G,0,-,N,N,
A,THESIS 1 (RESEARCH DESIGN),0.0,M-W-F 0800-1030,TBA,GUZMAN| MA AILEEN LEAH G.,12,ENG,G,11,-,N,N,
A,THESIS II,3.0,TBA,TBA,TBA| -,50,ENG,G,50,-,N,N,
A,INTEGRATIVE ENVIRONMENTAL SCIENCE,3.0,D 1400-1530,TBA,GOTANGCO| CHARLOTTE KENDRA D.,3,ENG,G,1,ALL SLOTS FOR MS ES MAJORS.*TUTORIAL,N,N,
A,MICROPROCESSORS AND MICROCONTROLLERS| LECTURE,3.0,D 0930-1100,TBA,MAYUGA| GIAN PAOLO T.,18,ENG,U,1,ALL SLOTS FOR 4TH YEAR STUDENTS.,N,N,
A,LOGIC CIRCUITS AND SWITCHING THEORY| LABORATORY,1.0,T-TH 0930-1230,TBA,OPPUS| CARLOS M.,10,ENG,U,4,-,N,N,
A,POLYMERIC MATERIALS| LECTURE,3.0,D 1400-1530,TBA,CHAKRABORTY| SOMA,12,ENG,U,6,-,N,N,
A,LOGIC CIRCUITS AND SWITCHING THEORY| LECTURE,3.0,D 1400-1530,TBA,GALICIA| JAN KEVIN A.,10,ENG,U,4,-,N,N,
A,POLYMERIC MATERIALS| LABORATORY,1.0,M-W 0930-1230,TBA,CHAKRABORTY| SOMA,6,ENG,U,0,-,N,N,
A,ENGINEERING DATA ANALYSIS,3.0,D 0930-1100,TBA,PAROCHA| RAYMARK C.| PENA| ROBERT ALFIE S.,24,ENG,U,2,ALL SLOTS FOR 2ND YEAR BS EcE MAJORS. ALL SLOTS FOR 2ND YEAR BS CpE MAJORS.,N,N,
A,ENGINEERING WORKSHOP AND PRACTICES,1.0,T-TH 0930-1230,TBA,RETIRADO| MARK GLENN F.,8,ENG,U,2,ALL SLOTS FOR 2ND YEAR STUDENTS.*SLASH WITH ECE 20A,N,N,
A,MICROPROCESSOR SYSTEMS| LABORATORY,1.0,T-TH 1400-1700,TBA,OPPUS| CARLOS M.| RETIRADO| MARK GLENN F.,1,ENG,U,1,ALL SLOTS FOR 5TH YEAR STUDENTS.*SLASH WITH ENGG 122.02A,N,N,
A,SWITCHING THEORY AND DIGITAL DESIGN| LABORATORY,1.0,T-TH 0930-1230,TBA,OPPUS| CARLOS M.,1,ENG,U,0,-,N,N,
A,ENGINEERING MANAGEMENT,2.0,M-W-F 1530-1700,TBA,VOCAL| ERIKA KIRSTEN S.,12,ENG,U,7,-,N,N,
A,CLASSICAL CHINESE,3.0,D 1400-1530,TBA,SEE| DAISY C.,1,~,U,-1,ALL SLOTS FOR AB ChnS-B MAJORS.,N,N,
A,CROSS-CULTURAL COMMUNICATION IN A CHINESE CONTEXT,3.0,D 1530-1700,TBA,GANADILLO| IVY MARIE L.,1,ENG,U,0,ALL SLOTS FOR AB ChnS-B MAJORS.,N,N,
A,CHINESE MANDARIN AND CULTURE 1,3.0,D 0800-0930,TBA,SEE| DAISY C.,18,~,U,2,*Conversational: Basic Chinese| FLC1,N,N,
A,SWITCHING THEORY AND DIGITAL DESIGN| LECTURE,3.0,D 1400-1530,TBA,GALICIA| JAN KEVIN A.,1,ENG,U,0,-,N,N,
A,CHINESE MANDARIN AND CULTURE 2,3.0,D 1230-1400,TBA,SEE| DAISY C.,18,~,U,12,*Conversational: Intermediate Chinese,N,N,
A,CLASSICAL CHINESE,3.0,D 1400-1530,TBA,SEE| DAISY C.,1,~,U,0,ALL SLOTS FOR 3RD YEAR BS PSY MAJORS.,N,N,
A,CHINA'S FOREIGN POLICY,3.0,D 1100-1230,TBA,DIZON| ERWIN GUILE M.,15,ENG,U,12,-,N,N,
A,PRACTICUM I,1.0,SAT 0800-1100,TBA,OPPUS| CARLOS M.,5,ENG,U,5,ALL SLOTS FOR 5TH YEAR STUDENTS.*SLASH WITH CIE 185A,N,N,
A,ENGINEERING WORKSHOP AND PRACTICES,1.0,T-TH 0930-1230,TBA,RETIRADO| MARK GLENN F.,6,ENG,U,6,ALL SLOTS FOR 5TH YEAR STUDENTS.*SLASH WITH ENGG 10A,N,N,
A,MICROPROCESSORS AND MICROCONTROLLERS| LABORATORY,1.0,T-TH 1400-1700,TBA,OPPUS| CARLOS M.| RETIRADO| MARK GLENN F.,19,ENG,U,2,ALL SLOTS FOR 4TH YEAR STUDENTS.*SLASH WITH ELC 141.2A,N,N,
A,RESEARCH METHODS,1.0,M-W 1230-1400,TBA,GUICO| MARIA LEONORA C.,8,ENG,U,0,ALL SLOTS FOR 4TH YEAR STUDENTS.,N,N,
A,ON-THE-JOB TRAINING,3.0,SAT 0800-1100,TBA,GALICIA| JAN KEVIN A.| MACABEBE| EREES QUEEN B.,20,ENG,U,1,ALL SLOTS FOR 4TH YEAR BS CpE MAJORS.,N,N,
A,INDUSTRIAL CHEMICAL REACTIONS AND PROCESSES| LECTURE,3.0,D 0930-1100,TBA,FABICON| RONALDO M.,19,ENG,U,0,*MATH WITH CHEM 81.52A,N,N,
A,INORGANIC COMPOUNDS AND REACTIONS| LECTURE,3.0,D 1100-1230,TBA,FABICON| RONALDO M.| TURNER| ADAM H.,22,ENG,U,2,-,N,N,
A,PROFESSIONAL ENGAGEMENT,3.0,D 0800-0930,TBA,BOLINAS| ROBERT DE ANGELO A.,20,ENG,U,3,-,N,N,
A,ORGANIC CHEMISTRY:  POLYMER CHEMISTRY,3.0,D 1400-1530,TBA,CHAKRABORTY| SOMA,6,ENG,G,5,-,N,N,
A,THE CHEMISTRY OF LIVING SYSTEMS,3.0,D 0800-0930,TBA,DE JESUS| Armando Jerome Jr.,12,ENG,G,8,-,N,N,
A,INORGANIC CHEMISTRY:  COORDINATION CHEMISTRY,3.0,D 0930-1100,TBA,FABICON| RONALDO M.| TURNER| ADAM H.,12,ENG,G,10,-,N,N,
A,GRADUATE SEMINAR I,1.0,T-TH 1700-1830,TBA,TBA| -,12,ENG,G,10,-,N,N,
A,GRADUATE SEMINAR II,1.0,T-TH 1700-1830,TBA,TBA| -,12,ENG,G,11,-,N,N,
A,FUNDAMENTALS OF RESEARCH,3.0,TBA,TBA,TBA| -,12,ENG,G,11,-,N,N,
A,COMPREHENSIVE EXAMINATIONS,0.0,TBA,TBA,TBA| -,12,ENG,G,8,-,N,N,
A,ON-THE-JOB-TRAINING,3.0,SAT 0800-1100,TBA,OPPUS| CARLOS M.,10,ENG,U,2,ALL SLOTS FOR 5TH YEAR STUDENTS.*SLASH WITH ECE 190.1A,N,N,
A,MASTER'S PROJECT I,0.0,TBA,TBA,TBA| -,50,ENG,G,50,-,N,N,
A,LAW| ECONOMICS| AND PUBLIC POLICY,3.0,D 1400-1530,TBA,CRUZ| JAN FREDRICK P.,25,ENG,U,-1,-,N,N,
A,ORAL DEFENSE,0.0,TBA,TBA,TBA| -,12,ENG,G,12,-,N,N,
A,RESIDENCY,0.0,TBA,TBA,TBA| -,12,ENG,G,12,-,N,N,
A,MECHANICS OF DEFORMABLE BODIES,3.0,D 1100-1230,TBA,MACABEBE| EREES QUEEN B.,5,ENG,U,0,ALL SLOTS FOR 5TH YEAR STUDENTS.,N,N,
A,FINAL PAPER SUBMISSION,0.0,TBA,TBA,TBA| -,12,ENG,G,12,-,N,N,
A,THESIS II,0.0,TBA,TBA,TBA| -,50,ENG,G,49,-,N,N,
A,DISSERTATION I,0.0,TBA,TBA,TBA| -,12,ENG,G,12,-,N,N,
A,DISSERTATION II,0.0,TBA,TBA,TBA| -,50,ENG,G,48,-,N,N,
A,INDUSTRIAL CHEMICAL REACTIONS AND PROCESSES| LABORATORY,2.0,T-TH 1200-1800,TBA,PALARDONIO| SIDNEY M.,19,ENG,U,5,ALL SLOTS FOR BS MAC MAJORS.*MATCH WITH CHEM 81.51A,N,N,
A,MASTER'S PROJECT II,3.0,TBA,TBA,TBA| -,50,ENG,G,50,-,N,N,
A,FINAL PAPER SUBMISSION,0.0,TBA,TBA,TBA| -,50,ENG,G,44,-,N,N,
A,THESIS II,0.0,TBA,TBA,TBA| -,50,ENG,G,46,-,N,N,
A,INTRODUCTION TO CHINESE SOCIETY,3.0,D 0800-0930,TBA,BATA| SIDNEY CHRISTOPHER T.,10,ENG,U,6,-,N,N,
A,COMPREHENSIVE EXAMINATIONS,0.0,TBA,TBA,TBA| -,50,ENG,G,48,-,N,N,
A,MASTER'S PROJECT 1,0.0,TBA,TBA,TBA| -,50,ENG,G,43,-,N,N,
A,COMPREHENSIVE EXAMINATION,0.0,TBA,TBA,TBA| -,50,ENG,G,49,-,N,N,
A,MASTER'S PROJECT 2,0.0,TBA,TBA,TBA| -,50,ENG,G,48,-,N,N,
A,MASTER'S THESIS,0.0,TBA,TBA,TBA| -,50,ENG,G,49,-,N,N,
A,MASTER'S THESIS,0.0,TBA,TBA,TBA| -,50,ENG,G,50,-,N,N,
A,SPECIAL TOPICS IN HUMANITARIAN ACTION: HUMAN RIGHTS AND DEVELOPMENT,3.0,D 1230-1400,TBA,LIBREA| ROSETTE GILDA C.,20,ENG,U,-1,*Interdisciplinary Elective. Credited as Development Management| Health & Development| Humanitarian Action and Development & the Law Elective,N,N,
A,COMPREHENSIVE EXAMINATION,0.0,TBA,TBA,TBA| -,50,ENG,G,46,-,N,N,
A,SPECIAL TOPICS IN CONTEMPORARY DEVELOPMENT ISSUES: SURVEY OF PUBLIC HEALTH INTERVENTIONS,3.0,D 1400-1530,TBA,BAUTISTA| ANNA MAE D.,20,ENG,U,-5,*Interdisciplinary Elective. Required subject for the minor in Health & Development. Credited as Urban & Regional Development and Development & the Law Elective,N,N,
A,DISSERTATION II,0.0,TBA,TBA,TBA| -,50,ENG,G,49,-,N,N,
A,PRACTICUM IN SOCIAL DEVELOPMENT,3.0,TUTORIAL 0000-0000,TBA,ABENIR| Mark Anthony,25,ENG,U,0,*Practicum Class,N,N,
A,PRINCIPLES OF ECONOMICS,3.0,D 1400-1530,TBA,PEÑA-REYES| SER PERCIVAL K.,28,ENG,U,0,-,N,N,
A,SEMINAR,1.0,W 1800-2030,TBA,MENDOZA| Milette,3,ENG,G,1,ALL SLOTS FOR MS ES MAJORS. *TUTORIAL,N,N,
A,INTERMEDIATE MICROECONOMIC THEORY,3.0,D 0930-1100,TBA,LANZONA| LEONARDO| JR. A.,32,ENG,U,1,*Pre-requisite: ECON 110,N,N,
A,INTERMEDIATE MACROECONOMIC THEORY,3.0,D 1230-1400,TBA,DE GUZMAN| NOEL P.,30,ENG,U,6,*Pre-requisite: ECON 110,N,N,
A,COMPARATIVE ECONOMIC DEVELOPMENT IN SOUTHEAST AND EAST ASIA,3.0,D 0930-1100,TBA,VELASCO| Mark Anthony,20,ENG,U,10,*Pre-requisite: ECON 110,N,N,
A,INDUSTRIAL ORGANIZATION,3.0,D 1230-1400,TBA,SIMON-KING| PATRICK GERARD C.,20,ENG,U,0,*Pre-requisite: ECON 111,N,N,
A,SPECIAL TOPICS IN ECONOMICS: INTRODUCTION TO EUROPEAN ECONOMIC INTEGRATION,3.0,T 1100-1400; TH 1230-1700,TBA; TBA,VENIDA| VICTOR S.,15,ENG,U,9,*Pre-requisite: ECON 110,N,N,
A,PRACTICUM,3.0,M-W-F 1300-1530,TBA,TAN| ROSALINA P.,14,ENG,U,7,*METHODOLOGY CLASS - SURVEY SAMPLING,N,N,
A,SPECIAL TOPICS IN ECONOMICS: THE ECONOMY OF COMMUNION,3.0,T 1400-1700; TH 1400-1830,TBA; TBA,PEREZ| MARILOU A.,25,ENG,U,-2,-,N,N,
A,FIELD SPECIALIZATION,3.0,TUTORIAL 0000-0000,TBA,MEDINA-GUCE| MARCIA CZARINA CORAZON M.,2,ENG,U,0,*Thesis Class,N,N,
A,STORY AND NARRATIVE IN THE HUMANITIES,3.0,D 0800-0930,TBA,BENITEZ| IRENE B.,25,ENG,U,-1,-,N,N,
A,HISTORICAL AND PHILOSOPHICAL FOUNDATIONS OF EDUCATION,3.0,M-W-F 1030-1300,TBA,QUE| SJ| FR. NEMESIO S.,27,ENG,U,-2,1 SLOTS FOR 4TH YEAR BS COMTECH MAJORS. 1 SLOTS FOR EDUCATION MINORS.,N,N,
A,MEDIA AND TECHNOLOGY APPLICATION,3.0,SAT 0800-1100; SAT 1230-1700,TBA; TBA,NGO| GALVIN RADLEY L.,20,ENG,G,0,-,N,N,
A,CROSS CULTURAL COMMUNICATION IN A CHINESE CONTEXT,3.0,D 1530-1700,TBA,GANADILLO| IVY MARIE L.,15,ENG,U,14,-,N,N,
A,TRADITIONAL CHINESE MEDICINE,3.0,D 0930-1100,TBA,MANABAT| MARJORIE Y.,25,ENG,U,17,-,N,N,
A,SCIENCE AND TECHNOLOGY IN CHINA,3.0,D 0800-0930,TBA,SEE| MARY KIMBERLIE C.,25,ENG,U,0,*Interdisciplinary Elective,N,N,
A,INTEGRATING PAPER,6.0,TBA,TBA,TBA| -,6,ENG,G,1,-,N,N,
A,CHINESE ART AND SOCIETY,3.0,D 0930-1100,TBA,DE GUZMAN| CHARLES JOSEPH G.,25,ENG,U,-1,*Interdisciplinary Elective,N,N,
A,FILM SEMINAR:  PHILIPPINE CINEMA,3.0,T 0800-1100; TH 0800-1230,TBA; TBA,CHUA| GERSHOM C.,25,ENG,U,17,-,N,N,
A,FILM SEMINAR:  AMERICAN CINEMA,3.0,T 1100-1400; TH 1230-1700,TBA; TBA,CHUA| GERSHOM C.,25,ENG,U,1,-,N,N,
A,QUANTITATIVE METHODS IN COMMUNICATION RESEARCH,3.0,D 1400-1530,TBA,ROMBAOA| Jasmine Sabrina,25,ENG,U,6,-,N,N,
A,PRACTICUM,3.0,D 0930-1100,TBA,VASWANI| SERENA M.,23,ENG,U,0,-,N,N,
A,EDUCATIONAL PSYCHOLOGY,3.0,T 0800-1100; TH 0800-1230,TBA; TBA,GO| SJ| JOHNNY C.,33,ENG,U,-1,-,N,N,
A,SEMINAR ON MEDIA EDUCATION,3.0,T 1700-2130; TH 1700-2000,TBA; TBA,ROMBAOA| Jasmine Sabrina,15,ENG,G,6,-,N,N,
A,PROJECT DEVELOPMENT AND PRESENTATION,0.0,TBA,TBA,TBA| -,50,ENG,G,50,-,N,N,
A,PRACTICUM IN BASIC EDUCATION TEACHING,6.0,TBA,TBA,TBA| -,50,ENG,G,50,-,N,N,
A,COMPREHENSIVE EXAMINATIONS,0.0,TBA,TBA,TBA| -,50,ENG,G,47,-,N,N,
A,INDEPENDENT STUDY,3.0,TBA,TBA,TBA| -,50,ENG,G,48,-,N,N,
A,COMPREHENSIVE EXAMINATIONS,0.0,TBA,TBA,TBA| -,50,ENG,G,34,-,N,N,
A,THESIS II,0.0,TBA,TBA,TBA| -,50,ENG,G,50,-,N,N,
A,CREATIVE WRITING,3.0,TBA,TBA,REMOTO| DANTON R.,15,ENG,G,4,-,N,N,
A,METHODS AND MATERIALS OF RESEARCH,3.0,T 1700-2000; TH 1230-1700,TBA; TBA,MARTIN| MARIA ISABEL P.,20,ENG,G,4,ALL SLOTS FOR MS SciEd MAJORS. ALL SLOTS FOR MS Math-Ed MAJORS. ALL SLOTS FOR M Math-Ed MAJORS.,N,N,
A,PERSONALITY AND COUNSELING THEORIES,3.0,T 1700-2000; TH 1700-2130,TBA; TBA,VELOSO| MARITES R.,15,ENG,G,5,-,N,N,
A,SEMINAR IN MEDIA AND SOCIETY:  NEW MEDIA CULTURE,3.0,M-W-F 1700-1930,TBA,LORENZANA| JOZON A.,15,ENG,G,4,-,N,N,
A,QUANTITATIVE CHEMICAL ANALYSIS| LABORATORY,2.0,SAT 1300-1700; T-TH 1300-1700,TBA; TBA,DIMZON| IAN KEN D.,18,ENG,U,8,ALL SLOTS FOR BS CH MAJORS. ALL SLOTS FOR BS CH-MSE MAJORS.,N,N,
A,THESIS II,0.0,TBA,TBA,TBA| -,12,ENG,G,2,-,N,N,
A,THESIS II,0.0,TBA,TBA,TBA| -,12,ENG,G,8,-,N,N,
A,EVOLUTIONARY BIOLOGY| LECTURE,3.0,D 0800-0930,TBA,DELOCADO| EMMANUEL D.| GELLYNCK| MARC P.,35,ENG,U,0,-,N,N,
A,CULTURAL STUDIES III:  TEXTS AND CONTEXTS,3.0,T 1700-2000; TH 1700-2130,TBA; TBA,VERIC| CHARLIE S.,15,ENG,G,10,-,N,N,
A,GRADUATE SEMINAR:  LANGUAGE PROGRAM PLANNING AND POLICY MAKING,3.0,M-W 1430-1700; SAT 1430-1700,TBA; TBA,CANILAO| MARIA LUZ ELENA N.,8,ENG,G,4,-,N,N,
A,GRADUATE SEMINAR:  CONSTRUCTS OF IDENTITY IN ASIAN LITERATURE,3.0,SAT 0900-1130; T-TH 0900-1130,TBA; TBA,TOPE| LILY ROSE R.,8,ENG,G,3,-,N,N,
A,EVOLUTIONARY BIOLOGY| LABORATORY,2.0,M-W-F 1300-1700,TBA,DELOCADO| EMMANUEL D.| GELLYNCK| MARC P.,35,ENG,U,9,-,N,N,
A,DISSERTATION I,0.0,TBA,TBA,TBA| -,50,ENG,G,44,-,N,N,
A,FINAL PAPER SUBMISSION (DOCTORAL),0.0,TBA,TBA,TBA| -,50,ENG,G,50,-,N,N,
A,INDEPENDENT RESEARCH II,3.0,TUTORIAL 0000-0000,TBA,MARTIN| MA. GABRIELA P.,3,ENG,U,2,ALL SLOTS FOR 4TH YEAR AB LIT(ENG) MAJORS.,N,N,
A,PRACTICUM,3.0,TBA,TBA,GULPEO| PIA CLARISSE R.,70,ENG,U,10,-,N,N,
A,INTEGRATIVE SEMINAR AND FIELD APPLICATIONS,3.0,SAT 0800-1700,TBA,PORIO| EMMA E.,15,ENG,G,15,-,N,N,
A,GRADUATE SEMINAR IN BIOLOGY,1.0,TBA,TBA,GAMBE-GILBUENA| ARNI E.,12,ENG,G,12,-,N,N,
A,PROJECT I,3.0,M-W-F 1530-1800,TBA,GUZMAN| MA AILEEN LEAH G.| PORIO| EMMA E.,20,ENG,G,20,-,N,N,
A,STORY AND NARRATIVE IN THE SOCIAL SCIENCES,3.0,D 0800-0930,TBA,CUARTERO| JOSE MARI B.,25,ENG,U,1,-,N,N,
A,COMPREHENSIVE EXAMINATIONS,0.0,TBA,TBA,TBA| -,50,ENG,G,50,-,N,N,
A,SPECIAL RESEARCH,0.0,TBA,TBA,TBA| -,50,ENG,G,50,-,N,N,
A,THESIS I,0.0,TBA,TBA,TBA| -,12,ENG,G,11,-,N,N,
A,LITERATURES OF THE WESTERN WORLD I: EUROPE,3.0,D 1530-1700,TBA,MARTIN| MA. GABRIELA P.,26,ENG,U,0,-,N,N,
A,THE DEVELOPMENT OF DRAMA,3.0,SAT 0800-1230; SAT 1400-1700,TBA; TBA,CABOCHAN| LAURA CORAZON A.,7,ENG,G,1,-,N,N,
A,STORY AND NARRATIVE IN SCIENCE AND ENGINEERING,3.0,D 0800-0930,TBA,CRUZ| PRISCILLA ANGELA T.,25,ENG,U,0,-,N,N,
A,PRINCIPLES AND PRACTICES OF LANGUAGE TEACHING,3.0,SAT 0800-1200; T 1700-2030,TBA; TBA,SUAREZ| CECILIA A.,15,ENG,G,6,-,N,N,
A,QUANTITATIVE CHEMICAL ANALYSIS| LECTURE,3.0,D 0800-0930,TBA,LAPINIG| DANIELLE B.,24,ENG,U,0,-,N,N,
A,LITERATURE AND IDEAS I:  FAIRY TALE/CHILDREN'S LITERATURE AND THE ART OF SUBVERSION,3.0,M-W-F 1300-1530,TBA,PATERNO| JHOANNA MICHELLE G.,25,ENG,U,0,-,N,N,
A,FINAL PAPER SUBMISSION (MASTERS),0.0,TBA,TBA,TBA| -,50,ENG,G,50,-,N,N,
A,FINAL PAPER SUBMISSION (MASTERS),0.0,TBA,TBA,TBA| -,50,ENG,G,49,-,N,N,
A,RESIDENCY ,0.0,TBA,TBA,TBA| -,50,ENG,G,50,-,N,N,
A,THESIS I,0.0,TBA,TBA,TBA| -,50,ENG,G,49,-,N,N,
A,CELL AND MOLECULAR BIOLOGY| LECTURE,3.0,D 0930-1100,TBA,CONSTANTINO| MARIA KATRINA C.,35,ENG,U,-1,-,N,N,
A,SEMINAR: LITERATURE AND IDEAS I (SPECULATIVE FICTION),3.0,D 1400-1530,TBA,AGUSTIN| ROY TRISTAN B.,26,ENG,U,3,-,N,N,
A,ELLT REFLECTIVE PRACTICE,3.0,TUTORIAL 0000-0000,TBA,PEREZ| FRANCES PAOLA D.,2,ENG,G,2,-,N,N,
A,GENETICS| LECTURE,3.0,D 0800-0930,TBA,PANES| VIVIAN A.,30,ENG,U,-3,-,N,N,
A,COMPREHENSIVE EXAMINATIONS,0.0,TBA,TBA,TBA| -,50,ENG,G,46,-,N,N,
A,CELL AND MOLECULAR BIOLOGY| LABORATORY,2.0,T-TH 1200-1800,TBA,CONSTANTINO| MARIA KATRINA C.,25,ENG,U,17,-,N,N,
A,LITERATURE AND IDEAS II:  DEVELOPMENT OF DRAMA,3.0,SAT 0800-1230; SAT 1400-1700,TBA; TBA,CABOCHAN| LAURA CORAZON A.,18,ENG,U,-2,-,N,N,
A,BIOTECHNOLOGY| LECTURE,3.0,D 0930-1100,TBA,GAMBE-GILBUENA| ARNI E.,35,ENG,U,0,-,N,N,
A,BIOTECHNOLOGY| LABORATORY,2.0,M-W-F 1300-1700,TBA,GAMBE-GILBUENA| ARNI E.,20,ENG,U,16,-,N,N,
A,PRINCIPLES AND PRACTICES OF LITERATURE TEACHING,3.0,SAT 1300-1700; TH 1700-2030,TBA; TBA,PATERNO| JHOANNA MICHELLE G.,15,ENG,G,4,-,N,N,
A,PRACTICUM I,3.0,D 0800-0930,TBA,DE ASIS| Angelica Maria,25,ENG,U,7,ALL SLOTS FOR 4TH YEAR AB LIT(ENG) MAJORS. ALL SLOTS FOR 3RD YEAR AB LIT(ENG) MAJORS.,N,N,
A,PRACTICUM II,3.0,D 0930-1100,TBA,AGUSTIN| ROY TRISTAN B.,25,ENG,U,14,ALL SLOTS FOR 4TH YEAR AB LIT(ENG) MAJORS.,N,N,
A,GENERAL ZOOLOGY| LECTURE,3.0,D 0930-1100,TBA,DE GUZMAN| Ivan Adrian,25,ENG,U,-2,-,N,N,
A,ORAL DEFENSE,0.0,TBA,TBA,TBA| -,50,ENG,G,50,-,N,N,
A,SHAKESPEARE:TRAGEDIES,3.0,M-W-F 1030-1300,TBA,ARELLANO| Anne Nichole,30,ENG,U,0,-,N,N,
A,BIOSCIENCE ENTERPRISE,3.0,D 1100-1230,TBA,AGUIRRE| ARIEL LORENZO J II Y.| MOORE| Keith,30,ENG,U,0,-,N,N,
A,INDUSTRY AND THE ENVIRONMENT,3.0,D 1530-1700,TBA,OLIVA| MYLENE D.,25,ENG,U,-3,20 SLOTS FOR BS ES MAJORS.*5 SLOTS FOR NON-ES; PRE-REQUISITE: ENVI 10.01(STUDENTS WHO ENROLLED BUT DID NOT TAKE THE SPECIFIED PRE-REQUISITE WILL BE ASKED TO WITHDRAW FROM THE CLASS.),N,N,
A,SPECIAL PROJECT,0.0,TBA,TBA,TBA| -,50,ENG,G,50,-,N,N,
A,ENVIRONMENTAL MONITORING: FIELD RESEARCH STUDIES,3.0,D 0930-1100,TBA,JARDELEZA MIJARES| JEAN MEIR P.,14,ENG,U,0,ALL SLOTS FOR BS ES MAJORS.,N,N,
A,COMPREHENSIVE EXAMINATIONS,0.0,TBA,TBA,TBA| -,50,ENG,G,49,-,N,N,
A,BIOTECHNOLOGY FOR EVERYONE| LECTURE,3.0,D 0930-1100,TBA,GERONIMO| Ralph Allen,25,ENG,U,7,-,N,N,
A,GRADUATE SEMINAR,1.0,T-TH 0930-1100,TBA,LOPEZ| CRISANTO M.,20,ENG,G,6,-,N,N,
A,RESIDENCY,0.0,TBA,TBA,TBA| -,50,ENG,G,50,-,N,N,
A,COMPREHENSIVE EXAMINATIONS,0.0,TBA,TBA,TBA| -,12,ENG,G,12,-,N,N,
A,SEMINAR ON LABORATORY PRACTICES AND EXPERIMENTAL DESIGN,3.0,M-F 1300-1600; W 1300-1700,TBA; TBA,LOPEZ| CRISANTO M.,20,ENG,G,13,-,N,N,
A,THE ENVIRONMENTAL MOVEMENT: LOCAL AND GLOBAL PERSPECTIVES,3.0,D 1230-1400,TBA,SATUMBAGA| DAWN IVA P.,27,ENG,U,0,15 SLOTS FOR BS ES MAJORS. *12 SLOTS FOR NON-ES,N,N,
A,BIODIVERSITY: LIFE ON EARTH| LECTURE,3.0,D 0930-1100,TBA,MANALOTO| NINEZ BERNARDINE L.,25,ENG,U,5,-,N,N,
A,STORY AND NARRATIVE IN MANAGEMENT,3.0,D 0800-0930,TBA,ADANTE| IRISH GENEVIEVE L.,25,ENG,U,0,-,N,N,
A,PRACTICUM II,0.0,TBA,TBA,TO BE ARRANGED,50,ENG,G,50,-,N,N,
A,THESIS I,0.0,TBA,TBA,TBA| -,50,ENG,G,50,-,N,N,
A,GENERAL CHEMISTRY I| LECTURE,3.0,D 0800-0930,TBA,CHAKRABORTY| SOMA,22,ENG,U,6,-,N,N,
A,DISSERTATION II,0.0,TBA,TBA,TBA| -,12,ENG,G,12,-,N,N,
A,ENVIRONMENTAL IMPACT ASSESSMENT,3.0,D 1530-1700,TBA,FUTALAN| Cybelle Concepcion,23,ENG,U,1,18 SLOTS FOR BS ES MAJORS.*5 SLOTS FOR NON-ES; PRE-REQUISITE: ENVI 10.01(STUDENTS WHO ENROLLED BUT DID NOT TAKE THE SPECIFIED PRE-REQUISITE WILL BE ASKED TO WITHDRAW FROM THE CLASS.),N,N,
A,GENERAL CHEMISTRY I| LABORATORY,2.0,M-W-F 1300-1700,TBA,MAGSALIN| John Daniel,12,ENG,U,0,-,N,N,
A,DISSERTATION I,0.0,TBA,TBA,TBA| -,50,ENG,G,50,-,N,N,
A,CHEMISTRY FOR ENGINEERING STUDENTS| LABORATORY,1.0,T-TH 1300-1600,TBA,BOLINAS| ROBERT DE ANGELO A.,13,ENG,U,0,ALL SLOTS FOR BS EcE MAJORS. ALL SLOTS FOR BS CpE MAJORS.,N,N,
A,DISSERTATION PROPOSAL,0.0,TBA,TBA,TBA| -,12,ENG,G,12,-,N,N,
A,INTRODUCTION TO ENVIRONMENTAL SCIENCE| LECTURE,3.0,D 0930-1100,TBA,FUTALAN| Cybelle Concepcion,23,ENG,U,5,ALL SLOTS FOR BS EcE MAJORS.,N,N,
A,SURVEY OF BIOCHEMISTRY,3.0,D 0800-0930,TBA,DE JESUS| Armando Jerome Jr.,22,ENG,U,1,-,N,N,
A,FINAL PAPER SUBMISSION,0.0,TBA,TBA,TBA| -,50,ENG,G,50,-,N,N,
A,PROJECT II,3.0,M-W-F 1530-1800,TBA,GUZMAN| MA AILEEN LEAH G.| PORIO| EMMA E.,10,ENG,G,4,-,N,N,
A,THESIS II,0.0,TBA,TBA,TBA| -,50,ENG,G,45,-,N,N,
AA,ART APPRECIATION,3.0,D 1100-1230,TBA,MA-ALAT| Pauline Bianca,30,ENG,U,0,-,N,N,
B,BASIC FRENCH 1 LANGUAGE AND CULTURE,3.0,D 0930-1100,TBA,YU| ROBERT JOHN C.,16,~,U,0,-,N,N,
B,GENETICS| LECTURE,3.0,D 1100-1230,TBA,PANES| VIVIAN A.,30,ENG,U,-1,-,N,N,
B,STRATEGIC HUMAN RESOURCE MANAGEMENT,3.0,T 1700-2130; TH 1700-2000,TBA; TBA,MORADA| Kevin Henry,34,ENG,U,-2,3 SLOTS FOR BS COMTECH MAJORS. 1 SLOTS FOR 3RD YEAR AB POS MAJORS. *Required subject for Minor in Management & Minor in Strategic Human Resource Management,N,N,
B,SUSTAINABILITY AND SOCIAL RESPONSIBILITY,3.0,D 1400-1530,TBA,OLPOC| RAQUEL C.,25,ENG,U,0,-,N,N,
B,SPECIAL TOPICS IN DEVELOPMENT STUDIES:  RESEARCH IN DEVELOPMENT ISSUES,3.0,TUTORIAL 0000-0000,TBA,SANTOS| MARY GRACE P.,1,ENG,U,0,*Thesis Class,N,N,
B,MATHEMATICS IN THE MODERN WORLD,3.0,D 0930-1100,TBA,TAN| KI SHAN T.,27,ENG,U,0,-,N,N,
B,RESEARCH IN MATHEMATICS EDUCATION I,6.0,TUTORIAL 0000-0000,TBA,TBA| -,2,ENG,G,0,-,N,N,
B,UNIVERSITY PRECALCULUS,3.0,D 1530-1700,TBA,DAYAO| PAUL L.,25,ENG,U,-1,-,N,N,
B,APPLIED CALCULUS FOR BUSINESS AND ECONOMICS I,3.0,D 1400-1530,TBA,DOMINGO| EURLYNE J.,25,ENG,U,13,-,N,N,
B,APPLIED CALCULUS FOR BUSINESS AND ECONOMICS II,3.0,D 0930-1100,TBA,DAVID| RODEN JASON A.,26,ENG,U,22,-,N,N,
B,SPECIAL TOPICS IN HUMANITARIAN ACTION: HUMAN RIGHTS AND DEVELOPMENT,3.0,D 1530-1700,TBA,LIBREA| ROSETTE GILDA C.,20,ENG,U,-4,*Interdisciplinary Elective. Credited as Development Management| Health & Development| Humanitarian Action and Development & the Law Elective,N,N,
B,APPLIED CALCULUS FOR SCIENCE AND ENGINEERING II,3.0,D 1230-1400,TBA,GO| CLARK KENDRICK C.,26,ENG,U,4,-,N,N,
B,SPECIAL TOPICS IN CONTEMPORARY DEVELOPMENT ISSUES: SURVEY OF PUBLIC HEALTH INTERVENTIONS,3.0,D 1530-1700,TBA,BAUTISTA| ANNA MAE D.,20,ENG,U,-3,*Interdisciplinary Elective. Required subject for the minor in Health & Development. Credited as Urban & Regional Development and Development & the Law Elective,N,N,
B,DISCRETE MATHEMATICS,3.0,D 1400-1530,TBA,SARMIENTO| JUMELA F.,27,ENG,U,1,-,N,N,
B,PRACTICUM IN SOCIAL DEVELOPMENT,3.0,TUTORIAL 0000-0000,TBA,ABENIR| Mark Anthony,25,ENG,U,5,*Practicum Class,N,N,
B,FUNDAMENTAL CONCEPTS OF MATHEMATICS,3.0,D 1230-1400,TBA,EDEN| RICHARD B.,27,ENG,U,1,-,N,N,
B,INTRODUCTION TO STATISTICAL ANALYSIS,3.0,D 1530-1700,TBA,FADRI| Raymond Joseph,26,ENG,U,-1,-,N,N,
B,PRINCIPLES OF ECONOMICS,3.0,D 1530-1700,TBA,PEÑA-REYES| SER PERCIVAL K.,28,ENG,U,0,-,N,N,
B,WORK PRACTICUM,3.0,D 1700-1830,TBA,GO| LICIANNE JIORE Y.,28,ENG,U,2,ALL SLOTS FOR 4TH YEAR BS LM MAJORS.,N,N,
B,QUANTITATIVE CHEMICAL ANALYSIS| LECTURE,3.0,D 0930-1100,TBA,LAPINIG| DANIELLE B.,24,ENG,U,0,-,N,N,
B,GENERAL PHYSICS I| LABORATORY,1.0,M-W-F 1000-1200,TBA,CHAN| BENJAMIN O.,20,ENG,U,1,-,N,N,
B,BASIC RUSSIAN 1 LANGUAGE AND CULTURE,3.0,D 1230-1400,TBA,VILLAR| JR.| FRANCISCO R.,16,~,U,11,-,N,N,
B,INDUSTRIAL CHEMICAL REACTIONS AND PROCESSES| LABORATORY,2.0,M-W-F 1300-1700,TBA,PALARDONIO| SIDNEY M.,19,ENG,U,-4,ALL SLOTS FOR BS MAC MAJORS.*MATCH WITH CHEM 81.51B,N,N,
B,SCIENCE| TECHNOLOGY| AND SOCIETY,3.0,D 0930-1100,TBA,MAINI| ZOMESH A.,23,ENG,U,0,-,N,N,
B,INDUSTRIAL CHEMICAL REACTIONS AND PROCESSES| LECTURE,3.0,D 0800-0930,TBA,FABICON| RONALDO M.,19,ENG,U,0,*MATCH WITH CHEM 81.52B,N,N,
B,DIRECTED STUDY: PRACTICUM,3.0,D 1530-1700,TBA,ABAO| CARMEL V.,30,ENG,U,0,-,N,N,
B,RESEARCH METHODS AND BUSINESS MODELLING TECHNIQUES,3.0,SAT 0800-1100; SAT 1230-1700,TBA; TBA,KHO| VINCE NATHAN O.,29,ENG,U,2,-,N,N,
B,STATISTICAL MODELING,3.0,D 1100-1230,TBA,FILART| Jan Paul,19,ENG,U,0,-,N,N,
B,STATISTICAL ANALYSIS,3.0,D 1100-1230,TBA,AGBAYANI| VICTOR E.,19,ENG,U,0,-,N,N,
B,COMPARATIVE ASEAN HEALTH POLICIES,3.0,D 1400-1530,TBA,CLAUDIO| JESSICA SANDRA R.| LOPEZ| LESLIE A.,30,ENG,U,0,-,N,N,
B,SEMINAR ON LABORATORY PRACTICES AND EXPERIMENTAL DESIGN,3.0,M-F 1300-1600; W 1300-1700,TBA; TBA,GUIDOTE| JR.| ARMANDO M.,15,ENG,G,6,-,N,N,
B,INFORMATION TECHNOLOGY APPLICATION PROGRAMMING (BYOD),3.0,D 1530-1700,TBA,GONZALES| JOAQUIN EMMANUEL J.,27,ENG,U,0,-,N,N,
B,BASIC INFORMATION TECHNOLOGY APPLICATIONS IN BUSINESS BYOD: EXCEL + DATA VISUALIZATION,3.0,D 1530-1700,TBA,CALUAG| JOSE ANTONIO I.,22,ENG,U,0,-,N,N,
B,BASIC INFORMATION TECHNOLOGY APPLICATIONS IN BUSINESS: EXCEL + E-COMMERCE DEVELOPMENT,3.0,D 1100-1230,TBA,TORRES| PATRICK G.,22,ENG,U,0,-,N,N,
B,BASIC INFORMATION TECHNOLOGY APPLICATIONS IN BUSINESS (BYOD),3.0,D 1530-1700,TBA,LEE| ERWIN DEWEY C.,20,ENG,U,0,-,N,N,
B,CREATIVE THINKING AND INNOVATION MANAGEMENT,3.0,M-W-F 1230-1400,TBA,ATUN| Hannah Paula,24,ENG,U,0,-,N,N,
B,INTRODUCTION TO ASSESSMENT AND MANAGEMENT OF DEVELOPMENT DISABILITIES,3.0,T 1400-1700; TH 1230-1700,TBA; TBA,ALIANAN| ARSENIO| JR. S.,24,ENG,U,-1,ALL SLOTS FOR 4TH YEAR AB PSY MAJORS. ALL SLOTS FOR 4TH YEAR BS PSY MAJORS.,N,N,
B,PROFESSIONAL ENGAGEMENT,3.0,D 0930-1100,TBA,VOCAL| ERIKA KIRSTEN S.,20,ENG,U,0,-,N,N,
B,INORGANIC COMPOUNDS AND REACTIONS| LECTURE,3.0,D 0800-0930,TBA,FABICON| RONALDO M.| TURNER| ADAM H.,22,ENG,U,0,-,N,N,
B,PRACTICUM,3.0,T 1230-1700,TBA,NOLASCO| JOCELYN M.,21,ENG,U,-1,ALL SLOTS FOR 4TH YEAR AB PSY MAJORS. ALL SLOTS FOR 4TH YEAR BS PSY MAJORS.,N,N,
B,QUANTITATIVE CHEMICAL ANALYSIS| LABORATORY,2.0,T-TH-S 1300-1700,TBA,MAGSALIN| John Daniel,18,ENG,U,1,ALL SLOTS FOR BS CH MAJORS. ALL SLOTS FOR BS CH-MSE MAJORS.,N,N,
B,THE CONTEMPORARY WORLD,3.0,D 1230-1400,TBA,CLAUDIO| JESSICA SANDRA R.,21,ENG,U,0,-,N,N,
B,POLITICS| GOVERNANCE| AND CITIZENSHIP,3.0,D 1100-1230,TBA,AGUIRRE| ARJAN P.,30,ENG,U,23,ALL SLOTS FOR 4TH YEAR STUDENTS.,N,N,
B,UNDERGRADUATE THESIS II,2.0,TBA,TBA,TBA| -,5,ENG,U,5,-,N,N,
B,RESEARCH IN SOCIAL SYSTEMS,3.0,TUTORIAL 0000-0000,TBA,TBA| -,5,ENG,G,5,-,N,N,
B,BASIC SPANISH 1 LANGUAGE AND CULTURE,3.0,D 0930-1100,TBA,YOUNG| MARIA LUISA P.,16,~,U,0,-,N,N,
B,FAITH| SPIRITUALITY| AND THE CHURCH,3.0,D 0930-1100,TBA,REYES| AARON C.,17,ENG,U,0,-,N,N,
B,MUAY THAI,2.0,D 0930-1100,TBA,PUERTOLLANO| PAUL ANDRE A.,15,ENG,U,0,-,N,N,
B,PRACTICUM,3.0,D 1100-1230,TBA,VASWANI| SERENA M.,23,ENG,U,0,-,N,N,
B,CELL AND MOLECULAR BIOLOGY| LABORATORY,2.0,M-W-F 1300-1700,TBA,CONSTANTINO| MARIA KATRINA C.,25,ENG,U,6,-,N,N,
B,GENERAL PHYSICS I| LECTURE,3.0,D 1230-1400,TBA,AQUINO| ANGELO I.,20,ENG,U,8,-,N,N,
B,SCIENCE AND TECHNOLOGY IN CHINA,3.0,D 1100-1230,TBA,DE GUZMAN| CHARLES JOSEPH G.,25,ENG,U,-1,*Interdisciplinary Elective,N,N,
B,PROJECT MANAGEMENT 1: DESIGN,3.0,TBA,TBA,CANUDAY| JOSE JOWEL P.| NAVARRA| Melissa| PAYOT| JUNEFE G.,16,ENG,G,0,*From June 28-July 10| 2021,N,N,
B,ANALYTICAL PHYSICS III| LECTURE,3.0,D 0930-1100,TBA,MAGALI| JOHN KEITH V.,20,ENG,U,0,-,N,N,
B,BASIC GERMAN 1 LANGUAGE AND CULTURE,3.0,D 0930-1100,TBA,COBARRUBIAS| PRINCESS MAE D.,16,~,U,0,-,N,N,
B,ANALYTICAL PHYSICS III| LABORATORY,1.0,M-W-F 1300-1500,TBA,BLANCAS| PHILIP JORDAN D.,20,ENG,U,0,-,N,N,
B,RESEARCH METHODS IN TRANSDISCIPLINARY SOCIAL DEVELOPMENT,3.0,TBA,TBA,DALUPANG| JOHN PAOLO C.| LIM| LIZA L.,20,ENG,G,6,*From August 2-17| 2021,N,N,
B,SYSTEMS THINKING FOR RISK GOVERNANCE| RESILIENCE| AND DEVELOPMENT,3.0,TBA,TBA,PORIO| EMMA E.,20,ENG,G,6,*From July 12-26| 2021,N,N,
B,COMMUNITY DEVELOPMENT| MICROPOLITICS| AND COOPERATION,3.0,TBA,TBA,NAVARRA| Melissa| RACELIS| MARY,20,ENG,G,2,*From July 28-August 10| 2021,N,N,
B,EVOLUTIONARY BIOLOGY| LABORATORY,2.0,T-TH 1200-1800,TBA,GELLYNCK| MARC P.,35,ENG,U,0,-,N,N,
B,SOCIAL THEORY AND TRANSDISCIPLINARY DEVELOPMENT,3.0,TBA,TBA,LEVISTE| ENRIQUE NINO P.,16,ENG,G,0,*From July 15-30| 2021,N,N,
B,KEY CONCEPTS AND CRITICAL DEBATES IN SOCIAL| INTERNATIONAL| AND TRANSDISCIPLINARY DEVELOPMENT,3.0,TBA,TBA,LIAO| KAREN ANNE S.| RODA| MARIA ANDREA S.,16,ENG,G,0,*From June 28-July 13| 2021,N,N,
B,UNDERGRADUATE THESIS II,1.0,TBA,TBA,OLAGUERA| LYNDON MARK P.,5,ENG,U,4,-,N,N,
B,CHINESE MANDARIN AND CULTURE 1,3.0,D 0800-0930,TBA,ONG| JUBILEE G.,18,~,U,0,*Conversational: Basic Chinese| FLC1,N,N,
B,READINGS IN SOCIAL SYSTEMS,3.0,TUTORIAL 0000-0000,TBA,SALOMA-AKPEDONU| CZARINA A.,5,ENG,G,5,-,N,N,
B,EVOLUTIONARY BIOLOGY| LECTURE,3.0,D 0930-1100,TBA,GELLYNCK| MARC P.,35,ENG,U,0,-,N,N,
B,LAW| ECONOMICS| AND PUBLIC POLICY,3.0,D 1530-1700,TBA,CRUZ| JAN FREDRICK P.,25,ENG,U,0,-,N,N,
B,ELEMENTARY PROBABILITY THEORY,3.0,D 1530-1700,TBA,SEGISMUNDO| Jasper John,25,ENG,U,0,-,N,N,
B,BIORESEARCH I,2.0,TBA,TBA,GULPEO| PIA CLARISSE R.,12,ENG,U,6,-,N,N,
B,DESIGN PROCEDURES: PRINT AND PUBLICATION DESIGN,3.0,M-W-F 1030-1300,TBA,LAO| Joan Eunice,19,ENG,U,-1,-,N,N,
B,STORY AND NARRATIVE IN THE SOCIAL SCIENCES,3.0,D 0930-1100,TBA,FRANQUELLI| JACQUELINE V.,25,ENG,U,-1,-,N,N,
B,STORY AND NARRATIVE IN SCIENCE AND ENGINEERING,3.0,D 0930-1100,TBA,ESPINO| Jovie,25,ENG,U,-2,-,N,N,
B,THE HEALTH PROFESSIONAL AS ADMINISTRATOR,1.0,D 1400-1530,TBA,MARQUEZ| NORMAN DENNIS E.| RODEROS| Ma. Via Jucille,19,ENG,U,2,-,N,N,
B,STORY AND NARRATIVE IN MANAGEMENT,3.0,D 0930-1100,TBA,EVANGELISTA| JESSICA LACE G.,25,ENG,U,0,-,N,N,
B,SCHOLARLY WORK 1B: COLLABORATION AND DATA COLLECTION,2.0,D 1830-1930,TBA,BARTOLOME| ELINOR G.,12,ENG,U,0,-,N,N,
B,JAPANESE LANGUAGE AND CULTURE 1,3.0,D 0930-1100,TBA,ALVAREZ| ROELIA V.,15,~,U,0,*ALL SLOTS FOR STUDENTS UNDER THE (NEW) 2018 CURRICULUM,N,N,
B,SPECIAL TOPICS IN PHILIPPINE STUDIES: REPRESENTATION OF OTHERNESS IN FILM AND LITERATURE,3.0,T 1400-1830; TH 1400-1700,TBA; TBA,LABASTILLA| SKILTY C.,35,ENG,U,0,-,N,N,
B,CONTEMPORARY ISSUES: PSYCHOLOGY AND PERSONAL GROWTH,3.0,T 1700-2130; TH 1700-2000,TBA; TBA,TRINIDAD| JOSE EOS R.,35,ENG,U,-1,*Mostly asynchronous with synch sessions TTH 05:00-06:00 PM,N,N,
B,MEDIA STUDIES: FILIPINO FILM AND SOCIETY,3.0,M-W-F 1530-1800,TBA,CASTRO| KARL FREDRICK M.,35,ENG,U,2,-,N,N,
B,PRACTICUM,3.0,SAT 0800-1100,TBA,DE VERA| JOSE ALFREDO III A.| SAMACO| JAPHETH DUANE C.| SUGAY| JESSICA O.,30,ENG,U,0,ALL SLOTS FOR BS MIS MAJORS. ALL SLOTS FOR BSMIS-MSCS MAJORS.,N,N,
B,BUSINESS APPLICATIONS DEVELOPMENT 1,3.0,D 1400-1530,TBA,AGLORO| GUILLERMO PAOLO JR. M.,32,ENG,U,9,ALL SLOTS FOR BS MIS MAJORS. ALL SLOTS FOR BSMIS-MSCS MAJORS.,N,N,
B,DISSERTATION II,0.0,TUTORIAL 0000-0000,TBA,RODRIGO| MA. MERCEDES T.,5,ENG,G,5,-,N,N,
B,DESIGN PRACTICE:  BRANDING,3.0,M-W-F 1530-1800,TBA,MONSOD| TRACY ANN LIBERTY A.,15,ENG,U,0,-,N,N,
B,RIZAL AND THE EMERGENCE OF THE PHILIPPINE NATION,3.0,D 0930-1100,TBA,LOZADA| DAVID III O.,30,ENG,U,0,-,N,N,
B,THESIS II,0.0,TUTORIAL 0000-0000,TBA,CORONEL| ANDREI D.,5,ENG,G,4,-,N,N,
B,THESIS I,0.0,TUTORIAL 0000-0000,TBA,CORONEL| ANDREI D.,5,ENG,G,4,-,N,N,
B,INDEPENDENT PROJECT II,0.0,TUTORIAL 0000-0000,TBA,LOVENIA| SANDRA FRANCESCA A.,5,ENG,G,5,-,N,N,
B,INDEPENDENT PROJECT I,0.0,TUTORIAL 0000-0000,TBA,LOVENIA| SANDRA FRANCESCA A.,5,ENG,G,5,-,N,N,
B,ENGINEERING DATA ANALYSIS,3.0,D 1400-1530,TBA,PAROCHA| RAYMARK C.| PENA| ROBERT ALFIE S.,25,ENG,U,2,ALL SLOTS FOR 2ND YEAR BS EcE MAJORS. ALL SLOTS FOR 2ND YEAR BS CpE MAJORS.,N,N,
B,PRACTICUM,3.0,SAT 0800-1100,TBA,CASANO| JONATHAN DL.| SUGAY| JESSICA O.,27,ENG,U,0,ALL SLOTS FOR BS CS MAJORS. ALL SLOTS FOR BSMS CS MAJORS. ALL SLOTS FOR BS CS-DGDD MAJORS.,N,N,
B,WEB PAGE DESIGN,3.0,D 1530-1700,TBA,DE LA CRUZ| ROMELL IAN B.| SANTOS| JOHN MICHAEL B.,20,ENG,U,3,ALL SLOTS FOR BS CS MAJORS. ALL SLOTS FOR BSMS CS MAJORS. ALL SLOTS FOR BS CS-DGDD MAJORS.*FOR PRE-ENLISTED MNST ELECTIVE TAKERS ONLY,N,N,
B,DATA VISUALIZATION,3.0,D 1100-1230,TBA,TEE| HANNAH ELYSE U.,41,ENG,U,-1,1 SLOTS FOR 3RD YEAR BS CS MAJORS.,N,N,
B,INTRODUCTION TO ARTIFICIAL INTELLIGENCE,3.0,D 1230-1400,TBA,BAUTISTA| FRANCIS MICHAEL T.| CORONEL| ANDREI D.,40,ENG,U,22,ALL SLOTS FOR BS CS MAJORS. ALL SLOTS FOR BSMS CS MAJORS. ALL SLOTS FOR BS CS-DGDD MAJORS. ALL SLOTS FOR BS MIS MAJORS. ALL SLOTS FOR BSMIS-MSCS MAJORS. ALL SLOTS FOR DATA SCIENCE AND ANALYTICS MINORS/SPECIALIZATION.,N,N,
B,ON-THE-JOB TRAINING,3.0,SAT 1400-1700,TBA,GALICIA| JAN KEVIN A.| MACABEBE| EREES QUEEN B.,18,ENG,U,4,ALL SLOTS FOR 4TH YEAR BS EcE MAJORS.,N,N,
B,READINGS IN PHILIPPINE HISTORY,3.0,D 1100-1230,TBA,NAVARRO| FRANCIS M.,29,ENG,U,0,-,N,N,
B,INTEGRATIVE PROJECT,1.0,TUTORIAL 0000-0000,TBA,AGAPITO| JENILYN L.,1,ENG,U,0,ALL SLOTS FOR BS CS MAJORS. ALL SLOTS FOR BSMS CS MAJORS. ALL SLOTS FOR BS CS-DGDD MAJORS.,N,N,
B,STORY AND NARRATIVE IN THE HUMANITIES,3.0,D 0930-1100,TBA,LACSON| KATARINA A.,25,ENG,U,0,-,N,N,
B,DISSERTATION I,0.0,TUTORIAL 0000-0000,TBA,FERNANDEZ| PROCESO| JR. L.,5,ENG,G,5,-,N,N,
B,INTERNSHIP AND PROFESSIONAL EXPOSURE,3.0,SAT 0800-1100; SAT 1230-1700,TBA; TBA,VAN DER WALL| Hidde Tjakke,25,ENG,U,0,-,N,N,
B,INTRODUCTION TO THE DESIGN AND DEVELOPMENT OF COMPUTER GAMES,3.0,D 0930-1100,TBA,TY| JAYZON F.,30,ENG,U,-2,*OPEN AS IE FOR ALL,N,N,
B,ART AS INQUIRY: ART OF RESPONSE,3.0,M-W-F 1030-1300,TBA,VAN DER WALL| Hidde Tjakke,16,ENG,U,15,-,N,N,
B,THE ENVIRONMENTAL MOVEMENT: LOCAL AND GLOBAL PERSPECTIVES,3.0,D 1100-1230,TBA,SATUMBAGA| DAWN IVA P.,26,ENG,U,-1,-,N,N,
B,PHILIPPINE BUSINESS ENVIRONMENT: POLICIES AND PROGRAMS ON ENTERPRISE DEVELOPMENT,3.0,SAT 0800-1100; SAT 1230-1700,TBA; TBA,DE LOS SANTOS| Carlo Jae,22,ENG,U,0,-,N,N,
B,INTRODUCTION TO ENVIRONMENTAL SCIENCE| LECTURE,3.0,D 1230-1400,TBA,MENDOZA| Milette,20,ENG,U,0,-,N,N,
B,MALAYUNING KOMUNIKASYON,3.0,D 1100-1230,TBA,BENITEZ| CHRISTIAN JIL R.,26,ENG,U,24,-,N,N,
B,MGA PANITIKAN AT PELIKULA NG SIYUDAD: PANAHON NG BATAS MILITAR,3.0,D 1400-1530,TBA,TRINIDAD| ANDREA ANNE I.,30,ENG,U,0,-,N,N,
B,KULTURANG POPULAR AT USAPIN NG KASARIAN,3.0,D 1100-1230,TBA,EMPAYNADO| JOMAR I.,30,ENG,U,0,-,N,N,
B,PRACTICUM,3.0,M-W-F 1530-1800,TBA,TAN| ROSALINA P.,18,ENG,U,2,*Online Internship,N,N,
B,PRINCIPLES OF FINANCE,3.0,D 1530-1700,TBA,TONG| ALDO ZELIG U.,27,ENG,U,0,-,N,N,
B,BASIC KOREAN 1 LANGUAGE AND CULTURE,3.0,D 1230-1400,TBA,WOO| Sun Jung,18,~,U,-1,-,N,N,
B,ART APPRECIATION,3.0,D 1400-1530,TBA,MARCELO| MENEER B.,30,ENG,U,0,-,N,N,
BB,ART APPRECIATION,3.0,M-W-F 1530-1800,TBA,PASTRANA| ALLAN J.,30,ENG,U,0,-,N,N,
C,STORY AND NARRATIVE IN THE SOCIAL SCIENCES,3.0,D 1530-1700,TBA,MOUTON| Marguerite Marie A,25,ENG,U,-3,-,N,N,
C,ANALYTICAL PHYSICS III| LECTURE,3.0,D 0930-1100,TBA,DACANAY| RODSON O.,20,ENG,U,14,-,N,N,
C,GENERAL PHYSICS I| LABORATORY,1.0,M-W-F 1000-1200,TBA,AQUINO| ANGELO I.,20,ENG,U,3,-,N,N,
C,BASIC INFORMATION TECHNOLOGY APPLICATIONS IN BUSINESS BYOD: EXCEL + DATA VISUALIZATION,3.0,D 0800-0930,TBA,KHO| VINCE NATHAN O.,22,ENG,U,0,-,N,N,
C,GENERAL PHYSICS I| LECTURE,3.0,D 1230-1400,TBA,AQUINO| ANGELO I.,20,ENG,U,17,-,N,N,
C,GENETICS| LECTURE,3.0,D 1400-1530,TBA,PANES| VIVIAN A.,30,ENG,U,21,-,N,N,
C,THESIS II,0.0,TUTORIAL 0000-0000,TBA,DE LEON| MARLENE M.,5,ENG,G,5,-,N,N,
C,INFORMATION TECHNOLOGY APPLICATION PROGRAMMING (BYOD),3.0,D 1830-2000,TBA,GONZALES| JOAQUIN EMMANUEL J.,27,ENG,U,-1,-,N,N,
C,PRACTICUM,3.0,D 0800-0930,TBA,COX| CHRISTINE ANNE R.,22,ENG,U,1,-,N,N,
C,RIZAL AND THE EMERGENCE OF THE PHILIPPINE NATION,3.0,D 0800-0930,TBA,DIZON| MARK ALEXANDER C.,30,ENG,U,19,-,N,N,
C,EVOLUTIONARY BIOLOGY| LABORATORY,2.0,T-TH 1200-1800,TBA,DELOCADO| EMMANUEL D.,30,ENG,U,0,-,N,N,
C,STATISTICAL ANALYSIS,3.0,D 0930-1100,TBA,SY SIONG KIAO| Rogelio,19,ENG,U,1,-,N,N,
C,BASIC SPANISH 1 LANGUAGE AND CULTURE,3.0,D 1100-1230,TBA,CAPILI| PATRICK MICHAEL L.,16,~,U,0,-,N,N,
C,BASIC KOREAN 1 LANGUAGE AND CULTURE,3.0,D 0930-1100,TBA,JAVIER| Aurea,18,~,U,0,-,N,N,
C,DISSERTATION II,0.0,TUTORIAL 0000-0000,TBA,ESTUAR| MA. REGINA J. E.,5,ENG,G,5,-,N,N,
C,BASIC GERMAN 1 LANGUAGE AND CULTURE,3.0,D 1100-1230,TBA,SORIANO| BAYANI M.,16,~,U,0,-,N,N,
C,STATISTICAL MODELING,3.0,D 1830-2000,TBA,BISENIO| ZACHARY NAZARENE S.,19,ENG,U,0,-,N,N,
C,BASIC FRENCH 1 LANGUAGE AND CULTURE,3.0,D 1100-1230,TBA,VERA CRUZ| JOSE TEODORO C.,16,~,U,0,-,N,N,
C,WORK PRACTICUM,3.0,D 1830-2000,TBA,TAN| MICHAEL C.,28,ENG,U,-1,ALL SLOTS FOR 4TH YEAR BS LM MAJORS.,N,N,
C,BUSINESS APPLICATIONS DEVELOPMENT 1,3.0,D 1230-1400,TBA,DE VERA| JOSE ALFREDO III A.,32,ENG,U,1,ALL SLOTS FOR BS MIS MAJORS. ALL SLOTS FOR BSMIS-MSCS MAJORS.,N,N,
C,RESEARCH IN MATHEMATICS EDUCATION I,6.0,TUTORIAL 0000-0000,TBA,TBA| -,2,ENG,G,1,-,N,N,
C,THESIS I,0.0,TUTORIAL 0000-0000,TBA,DE LEON| MARLENE M.,5,ENG,G,5,-,N,N,
C,ANALYTICAL PHYSICS III| LABORATORY,1.0,M-W-F 1300-1500,TBA,DACANAY| RODSON O.,20,ENG,U,14,-,N,N,
C,BASIC INFORMATION TECHNOLOGY APPLICATIONS IN BUSINESS: EXCEL + E-COMMERCE DEVELOPMENT,3.0,D 0800-0930,TBA,AQUINO| RAFAEL ALFONSO H.,22,ENG,U,0,-,N,N,
C,INDEPENDENT PROJECT II,0.0,TUTORIAL 0000-0000,TBA,DE LEON| MARLENE M.,5,ENG,G,5,-,N,N,
C,PRACTICUM,3.0,TH 1230-1700,TBA,NOLASCO| JOCELYN M.,21,ENG,U,-1,ALL SLOTS FOR 4TH YEAR AB PSY MAJORS. ALL SLOTS FOR 4TH YEAR BS PSY MAJORS.,N,N,
C,ART APPRECIATION,3.0,D 1230-1400,TBA,AKPEDONU| Erik,30,ENG,U,8,-,N,N,
C,PROFESSIONAL ENGAGEMENT,3.0,D 1100-1230,TBA,TURNER| ADAM H.,20,ENG,U,0,-,N,N,
C,QUANTITATIVE CHEMICAL ANALYSIS| LABORATORY,2.0,T-TH-S 1300-1700,TBA,OQUENDO| NOEL A.,18,ENG,U,0,ALL SLOTS FOR BS CH MAJORS. ALL SLOTS FOR BS CH-MSE MAJORS.,N,N,
C,EVOLUTIONARY BIOLOGY| LECTURE,3.0,D 1100-1230,TBA,DELOCADO| EMMANUEL D.,30,ENG,U,2,-,N,N,
C,STORY AND NARRATIVE IN THE HUMANITIES,3.0,D 1100-1230,TBA,VERIC| CHARLIE S.,25,ENG,U,-1,-,N,N,
C,QUANTITATIVE CHEMICAL ANALYSIS| LECTURE,3.0,D 0800-0930,TBA,IMPERIAL| JAMES FRANCIS L.,24,ENG,U,8,-,N,N,
C,CREATIVE THINKING AND INNOVATION MANAGEMENT,3.0,D 1530-1700,TBA,ATUN| Hannah Paula,24,ENG,U,-1,-,N,N,
C,READINGS IN PHILIPPINE HISTORY,3.0,D 0800-0930,TBA,CHENG CHUA| KARL IAN U.,29,ENG,U,0,-,N,N,
C,PRACTICUM,3.0,SAT 0800-1100,TBA,DE VERA| JOSE ALFREDO III A.| SAMACO| JAPHETH DUANE C.| SUGAY| JESSICA O.,30,ENG,U,9,ALL SLOTS FOR BS MIS MAJORS. ALL SLOTS FOR BSMIS-MSCS MAJORS.,N,N,
C,INTRODUCTION TO ENVIRONMENTAL SCIENCE| LECTURE,3.0,D 0930-1100,TBA,UNSON| J. RACQUEL S.,18,ENG,U,3,ALL SLOTS FOR BS CS MAJORS. ALL SLOTS FOR BS CS-DGDD MAJORS. ALL SLOTS FOR BSMS CS MAJORS.,N,N,
C,PHILIPPINE BUSINESS ENVIRONMENT: POLICIES AND PROGRAMS ON ENTERPRISE DEVELOPMENT,3.0,D 1830-2000,TBA,DELA CRUZ| Cyndy,24,ENG,U,0,-,N,N,
C,DIRECTED STUDY: PRACTICUM,3.0,D 1400-1530,TBA,RIVERA| MIGUEL PAOLO P.,30,ENG,U,0,-,N,N,
C,INTERNSHIP AND PROFESSIONAL EXPOSURE,3.0,SAT 0800-1230; SAT 1400-1700,TBA; TBA,MARASIGAN| ALFRED BENEDICT C.,25,ENG,U,0,-,N,N,
C,SUSTAINABILITY AND SOCIAL RESPONSIBILITY,3.0,D 1530-1700,TBA,OLPOC| RAQUEL C.,25,ENG,U,0,-,N,N,
C,PRACTICUM,3.0,SAT 0800-1100,TBA,CASANO| JONATHAN DL.| SUGAY| JESSICA O.,27,ENG,U,10,ALL SLOTS FOR BS CS MAJORS. ALL SLOTS FOR BSMS CS MAJORS. ALL SLOTS FOR BS CS-DGDD MAJORS.,N,N,
C,MATHEMATICS IN THE MODERN WORLD,3.0,D 1230-1400,TBA,FERNANDEZ| Patrick John,27,ENG,U,0,-,N,N,
C,INDEPENDENT PROJECT I,0.0,TUTORIAL 0000-0000,TBA,DE LEON| MARLENE M.,5,ENG,G,5,-,N,N,
C,CHINESE MANDARIN AND CULTURE 1,3.0,D 0930-1100,TBA,SEE| DAISY C.,18,~,U,8,*Conversational: Basic Chinese| FLC1,N,N,
C,BASIC INFORMATION TECHNOLOGY APPLICATIONS IN BUSINESS (BYOD),3.0,D 1830-2000,TBA,LEE| ERWIN DEWEY C.,20,ENG,U,5,-,N,N,
C,INTEGRATIVE PROJECT,1.0,TUTORIAL 0000-0000,TBA,MONTALAN| JANN RAILEY E.,1,ENG,U,0,ALL SLOTS FOR BS CS MAJORS. ALL SLOTS FOR BSMS CS MAJORS. ALL SLOTS FOR BS CS-DGDD MAJORS.,N,N,
C,RESEARCH METHODS AND BUSINESS MODELLING TECHNIQUES,3.0,D 0800-0930,TBA,GONZALES| JOAQUIN EMMANUEL J.,32,ENG,U,0,-,N,N,
C,DISSERTATION I,0.0,TUTORIAL 0000-0000,TBA,ESTUAR| MA. REGINA J. E.,5,ENG,G,5,-,N,N,
C,DESIGN PROCEDURES: PRINT AND PUBLICATION DESIGN,3.0,M-W-F 1300-1530,TBA,LAO| Joan Eunice| SOLIONGCO| ANGELO ALFONSO G.,19,ENG,U,0,-,N,N,
C,STORY AND NARRATIVE IN MANAGEMENT,3.0,D 1100-1230,TBA,GONZALES| Dan Henry,25,ENG,U,-1,-,N,N,
C,THE CONTEMPORARY WORLD,3.0,D 1100-1230,TBA,ALFILER| CHERIE AUDREY A.,21,ENG,U,0,-,N,N,
C,PRACTICUM,3.0,D 1400-1530,TBA,DE GUZMAN| NOEL P.,14,ENG,U,0,*METHODOLOGY CLASS - APPLIED ECONOMETRICS,N,N,
C,PRINCIPLES OF FINANCE,3.0,M-W-F 1830-2100,TBA,WONG| MARVIC DALE A.,27,ENG,U,0,-,N,N,
C,FAITH| SPIRITUALITY| AND THE CHURCH,3.0,D 0800-0930,TBA,ODULIO| EDWIN B.,17,ENG,U,5,-,N,N,
C,UNIVERSITY PRECALCULUS,3.0,D 1230-1400,TBA,GUZON| ANGELA FATIMA H.,25,ENG,U,17,-,N,N,
C,STORY AND NARRATIVE IN SCIENCE AND ENGINEERING,3.0,D 1100-1230,TBA,JUGO| CELESTE AIDA A.,25,ENG,U,-1,-,N,N,
C,SCIENCE| TECHNOLOGY| AND SOCIETY,3.0,D 0930-1100,TBA,DAYRIT| SOPHIA ANGELI S.,23,ENG,U,-1,-,N,N,
C,RESEARCH IN SOCIAL SYSTEMS,3.0,TUTORIAL 0000-0000,TBA,TBA| -,5,ENG,G,5,-,N,N,
C,INTRODUCTION TO STATISTICAL ANALYSIS,3.0,D 1100-1230,TBA,TAN| RENZO ROEL P.,26,ENG,U,1,-,N,N,
C,PRINCIPLES OF ECONOMICS,3.0,D 0800-0930,TBA,TUANO| PHILIP ARNOLD P.,28,ENG,U,0,-,N,N,
C,JAPANESE LANGUAGE AND CULTURE 1,3.0,D 0930-1100,TBA,TAN| JOY ANN FAITH F.,15,~,U,0,*ALL SLOTS FOR STUDENTS UNDER THE (NEW) 2018 CURRICULUM,N,N,
C,ELEMENTARY PROBABILITY THEORY,3.0,D 0800-0930,TBA,SIA| Calvin,25,ENG,U,0,-,N,N,
C,POLITICS| GOVERNANCE| AND CITIZENSHIP,3.0,D 1400-1530,TBA,BARRETTO| BENJAMIN ROBERTO G.,33,ENG,U,0,ALL SLOTS FOR 4TH YEAR STUDENTS.,N,N,
C,SPECIAL TOPICS IN PHILIPPINE STUDIES: REPRESENTATION OF OTHERNESS IN FILM AND LITERATURE,3.0,M-W-F 1530-1800,TBA,LABASTILLA| SKILTY C.,35,ENG,U,1,-,N,N,
C,READINGS IN SOCIAL SYSTEMS,3.0,TUTORIAL 0000-0000,TBA,TBA| -,5,ENG,G,4,-,N,N,
C,DISCRETE MATHEMATICS,3.0,D 1530-1700,TBA,MUGA II| FELIX P.,27,ENG,U,5,-,N,N,
C,THE HEALTH PROFESSIONAL AS ADMINISTRATOR,1.0,D 1530-1700,TBA,MARQUEZ| NORMAN DENNIS E.| RODEROS| Ma. Via Jucille,19,ENG,U,0,-,N,N,
C,SCHOLARLY WORK 1B: COLLABORATION AND DATA COLLECTION,2.0,D 1830-1930,TBA,CAPIO| CATHERINE M.,14,ENG,U,0,-,N,N,
CC,ART APPRECIATION,3.0,D 1530-1700,TBA,AKPEDONU| Erik,30,ENG,U,21,-,N,N,
CS-A,INTRODUCTION TO PROGRAMMING II,3.0,D 1400-1530,TBA,SUGAY| JESSICA O.,5,ENG,U,0,ALL SLOTS FOR BS CS MAJORS. ALL SLOTS FOR BSMS CS MAJORS. ALL SLOTS FOR BS CS-DGDD MAJORS.*SHIFTEES AND IRREGULAR STUDENTS ONLY,N,N,
D,BASIC INFORMATION TECHNOLOGY APPLICATIONS IN BUSINESS BYOD: EXCEL + DATA VISUALIZATION,3.0,M-W-F 1800-2030,TBA,UY| Ivannah,22,ENG,U,0,-,N,N,
D,SUSTAINABILITY AND SOCIAL RESPONSIBILITY,3.0,M-W-F 1530-1800,TBA,TIONGCO| Monique Ann,25,ENG,U,-1,-,N,N,
D,CREATIVE THINKING AND INNOVATION MANAGEMENT,3.0,D 0800-0930,TBA,AMURAO| Marianne Kayle,24,ENG,U,0,-,N,N,
D,DIRECTED STUDY: PRACTICUM,3.0,D 1530-1700,TBA,RIVERA| MIGUEL PAOLO P.,30,ENG,U,4,-,N,N,
D,BASIC INFORMATION TECHNOLOGY APPLICATIONS IN BUSINESS: EXCEL + E-COMMERCE DEVELOPMENT,3.0,D 1830-2000,TBA,AQUINO| RAFAEL ALFONSO H.,22,ENG,U,0,-,N,N,
D,THE CONTEMPORARY WORLD,3.0,D 0930-1100,TBA,ROLDAN| SUZANNA R.,21,ENG,U,0,-,N,N,
D,THESIS I,0.0,TUTORIAL 0000-0000,TBA,DE VERA| JOSE ALFREDO III A.,5,ENG,G,5,-,N,N,
D,INTERNSHIP AND PROFESSIONAL EXPOSURE,3.0,SAT 0800-1100; SAT 1230-1700,TBA; TBA,VELASCO-WANSOM| MOLINIA ANNE T.,25,ENG,U,0,-,N,N,
D,MATHEMATICS IN THE MODERN WORLD,3.0,D 1400-1530,TBA,FERNANDEZ| Patrick John,27,ENG,U,0,-,N,N,
D,INDEPENDENT PROJECT I,0.0,TUTORIAL 0000-0000,TBA,CORONEL| ANDREI D.,5,ENG,G,5,-,N,N,
D,INTRODUCTION TO STATISTICAL ANALYSIS,3.0,D 1230-1400,TBA,TAN| RENZO ROEL P.,26,ENG,U,-1,-,N,N,
D,INDEPENDENT PROJECT II,0.0,TUTORIAL 0000-0000,TBA,CORONEL| ANDREI D.,5,ENG,G,5,-,N,N,
D,BASIC INFORMATION TECHNOLOGY APPLICATIONS IN BUSINESS (BYOD),3.0,D 1830-2000,TBA,VISTA| FRANCISCO III E.,20,ENG,U,2,-,N,N,
D,JAPANESE LANGUAGE AND CULTURE 1,3.0,D 1100-1230,TBA,ESPIRITU| JUNILO S.,15,~,U,0,*ALL SLOTS FOR STUDENTS UNDER THE (NEW) 2018 CURRICULUM,N,N,
D,PHILIPPINE BUSINESS ENVIRONMENT: POLICIES AND PROGRAMS ON ENTERPRISE DEVELOPMENT,3.0,T 1700-2000; TH 1700-2130,TBA; TBA,SANGUYO| CHERYL J.,20,ENG,U,7,*Admission requirement for Minor in  International Business,N,N,
D,STORY AND NARRATIVE IN THE HUMANITIES,3.0,D 1230-1400,TBA,CAYOG| RACHELLE T.,25,ENG,U,-1,-,N,N,
D,CHINESE MANDARIN AND CULTURE 1,3.0,D 0930-1100,TBA,ONG| JUBILEE G.,18,~,U,6,*Conversational: Basic Chinese| FLC1,N,N,
D,STORY AND NARRATIVE IN MANAGEMENT,3.0,D 1230-1400,TBA,EVANGELISTA| JESSICA LACE G.,25,ENG,U,0,-,N,N,
D,THE HEALTH PROFESSIONAL AS ADMINISTRATOR,1.0,D 1530-1700,TBA,MARQUEZ| NORMAN DENNIS E.| RODEROS| Ma. Via Jucille,18,ENG,U,0,-,N,N,
D,STORY AND NARRATIVE IN SCIENCE AND ENGINEERING,3.0,D 1230-1400,TBA,ESTIPONA| MICHAEL IAN BENEDICT P.,25,ENG,U,0,-,N,N,
D,PRACTICUM,3.0,T 0800-1230,TBA,CALLEJA| MENDIOLA T.,1,ENG,U,0,*SLASH WITH PSYC 197 D,N,N,
D,PRACTICUM,3.0,D 1530-1700,TBA,DE GUZMAN| NOEL P.,18,ENG,U,0,*Online Internship,N,N,
D,ELEMENTARY PROBABILITY THEORY,3.0,D 1100-1230,TBA,CABRAL| EMMANUEL A.,25,ENG,U,8,-,N,N,
D,PRINCIPLES OF FINANCE,3.0,D 1400-1530,TBA,WONG| MARVIC DALE A.,27,ENG,U,0,-,N,N,
D,RESEARCH METHODS AND BUSINESS MODELLING TECHNIQUES,3.0,D 0800-0930,TBA,VILLEGAS| KERISH S.,31,ENG,U,0,-,N,N,
D,WORK PRACTICUM,3.0,D 1830-2000,TBA,GO| LICIANNE JIORE Y.,28,ENG,U,0,ALL SLOTS FOR 4TH YEAR BS LM MAJORS.,N,N,
D,READINGS IN SOCIAL SYSTEMS,3.0,TUTORIAL 0000-0000,TBA,TBA| -,5,ENG,G,5,-,N,N,
D,PRACTICUM,3.0,T 0800-1230,TBA,CALLEJA| MENDIOLA T.,20,ENG,U,1,ALL SLOTS FOR 4TH YEAR AB PSY MAJORS. ALL SLOTS FOR 4TH YEAR BS PSY MAJORS.*SLASH WITH PSY 111 D,N,N,
D,STORY AND NARRATIVE IN THE SOCIAL SCIENCES,3.0,D 1230-1400,TBA,FRANQUELLI| JACQUELINE V.,25,ENG,U,0,-,N,N,
D,BASIC FRENCH 1 LANGUAGE AND CULTURE,3.0,D 1230-1400,TBA,VERA CRUZ| JOSE TEODORO C.,16,~,U,0,-,N,N,
D,SCHOLARLY WORK 1B: COLLABORATION AND DATA COLLECTION,2.0,D 1830-1930,TBA,DE LA CRUZ| MA. HENRIETTA TERESA O.,13,ENG,U,0,-,N,N,
D,ART APPRECIATION,3.0,M-W-F 1030-1300,TBA,SANTIAGO| JOSEPH SEDFREY S.,30,ENG,U,0,-,N,N,
D,DISSERTATION II,0.0,TUTORIAL 0000-0000,TBA,CORONEL| ANDREI D.,5,ENG,G,5,-,N,N,
D,BASIC GERMAN 1 LANGUAGE AND CULTURE,3.0,D 1230-1400,TBA,SORIANO| BAYANI M.,16,~,U,0,-,N,N,
D,STATISTICAL ANALYSIS,3.0,D 1100-1230,TBA,SY SIONG KIAO| Rogelio,19,ENG,U,3,-,N,N,
D,PRINCIPLES OF ECONOMICS,3.0,D 0800-0930,TBA,VELASCO| Mark Anthony,28,ENG,U,0,-,N,N,
D,DISSERTATION I,0.0,TUTORIAL 0000-0000,TBA,CORONEL| ANDREI D.,5,ENG,G,5,-,N,N,
D,QUANTITATIVE CHEMICAL ANALYSIS| LECTURE,3.0,D 0930-1100,TBA,IMPERIAL| JAMES FRANCIS L.,24,ENG,U,-1,-,N,N,
D,THESIS II,0.0,TUTORIAL 0000-0000,TBA,DE VERA| JOSE ALFREDO III A.,5,ENG,G,4,-,N,N,
D,READINGS IN PHILIPPINE HISTORY,3.0,D 0930-1100,TBA,CHENG CHUA| KARL IAN U.,29,ENG,U,0,-,N,N,
D,BASIC SPANISH 1 LANGUAGE AND CULTURE,3.0,D 1230-1400,TBA,CAPILI| PATRICK MICHAEL L.,16,~,U,0,-,N,N,
D,SCIENCE| TECHNOLOGY| AND SOCIETY,3.0,D 1100-1230,TBA,MAINI| ZOMESH A.,23,ENG,U,0,-,N,N,
D,GENETICS| LECTURE,3.0,D 0930-1100,TBA,BAGONOC| REJ B.,35,ENG,U,-2,-,N,N,
D,RIZAL AND THE EMERGENCE OF THE PHILIPPINE NATION,3.0,D 0930-1100,TBA,DIZON| MARK ALEXANDER C.,30,ENG,U,1,-,N,N,
D,DESIGN PROCEDURES: PRINT AND PUBLICATION DESIGN,3.0,M-W-F 1530-1800,TBA,SOLIONGCO| ANGELO ALFONSO G.,19,ENG,U,11,-,N,N,
D,INFORMATION TECHNOLOGY APPLICATION PROGRAMMING (BYOD),3.0,D 1100-1230,TBA,CHAN| STEPHEN JAMES G.,27,ENG,U,2,-,N,N,
D,POLITICS| GOVERNANCE| AND CITIZENSHIP,3.0,D 1530-1700,TBA,BARRETTO| BENJAMIN ROBERTO G.,36,ENG,U,0,ALL SLOTS FOR 4TH YEAR STUDENTS.,N,N,
D,PRACTICUM,3.0,T 0800-1100; TH 0800-1230,TBA; TBA,COX| CHRISTINE ANNE R.,23,ENG,U,19,-,N,N,
DD,ART APPRECIATION,3.0,M-W-F 1300-1530,TBA,MA-ALAT| Pauline Bianca,30,ENG,U,0,-,N,N,
E,ART APPRECIATION,3.0,M-W-F 1030-1300,TBA,TUVIERA| Frederick,30,ENG,U,1,-,N,N,
E,CREATIVE THINKING AND INNOVATION MANAGEMENT,3.0,D 0930-1100,TBA,AMURAO| Marianne Kayle,24,ENG,U,0,-,N,N,
E,PRACTICUM,3.0,SAT 0800-1230; T-TH 1930-2100,TBA; TBA,GOSECO| MANUEL ANDRES D.,14,ENG,U,0,*SPECIAL TOPICS IN FINANCIAL MARKETS,N,N,
E,STORY AND NARRATIVE IN SCIENCE AND ENGINEERING,3.0,D 1400-1530,TBA,RITUMBAN| RAYMON D.,25,ENG,U,0,-,N,N,
E,READINGS IN PHILIPPINE HISTORY,3.0,D 1230-1400,TBA,CHENG CHUA| KARL IAN U.,29,ENG,U,0,-,N,N,
E,GENETICS| LECTURE,3.0,D 1530-1700,TBA,BAGONOC| REJ B.,35,ENG,U,1,-,N,N,
E,THE CONTEMPORARY WORLD,3.0,D 1100-1230,TBA,ROLDAN| SUZANNA R.,21,ENG,U,0,-,N,N,
E,SUSTAINABILITY AND SOCIAL RESPONSIBILITY,3.0,T 1400-1700; TH 1700-2130,TBA; TBA,SIOJO| MANOLET M.,25,ENG,U,0,-,N,N,
E,WORK PRACTICUM,3.0,SAT 0800-1100; SAT 1230-1700,TBA; TBA,AMANTE| HELEN U.,36,ENG,U,3,ALL SLOTS FOR 4TH YEAR BS COMTECH MAJORS.,N,N,
E,RESEARCH METHODS AND BUSINESS MODELLING TECHNIQUES,3.0,SAT 0800-1100; SAT 1230-1700,TBA; TBA,VILLEGAS| KERISH S.,28,ENG,U,2,-,N,N,
E,BASIC FRENCH 1 LANGUAGE AND CULTURE,3.0,D 1400-1530,TBA,BAUTISTA| CARMINA MA. VERONICA L.,16,~,U,0,-,N,N,
E,SCHOLARLY WORK 1B: COLLABORATION AND DATA COLLECTION,2.0,D 1830-1930,TBA,UY| Jhanna,7,ENG,U,1,-,N,N,
E,DISSERTATION II,0.0,TUTORIAL 0000-0000,TBA,ABU| PATRICIA ANGELA R.,5,ENG,G,5,-,N,N,
E,BASIC GERMAN 1 LANGUAGE AND CULTURE,3.0,D 1400-1530,TBA,JOSE| JACKIE LOU L.,16,~,U,0,-,N,N,
E,PRINCIPLES OF ECONOMICS,3.0,D 0800-0930,TBA,CHUA| ROBERT LANCE C.,28,ENG,U,0,-,N,N,
E,STORY AND NARRATIVE IN THE SOCIAL SCIENCES,3.0,D 1400-1530,TBA,SUNICO| RAMON VICENTE C.,25,ENG,U,0,-,N,N,
E,PRINCIPLES OF FINANCE,3.0,D 1830-2000,TBA,TONG| ALDO ZELIG U.,27,ENG,U,10,-,N,N,
E,BASIC SPANISH 1 LANGUAGE AND CULTURE,3.0,D 1400-1530,TBA,SORIANO| EVELYN C.,16,~,U,0,-,N,N,
E,SCIENCE| TECHNOLOGY| AND SOCIETY,3.0,D 1100-1230,TBA,MAQUILING| JOEL T.,23,ENG,U,0,-,N,N,
E,INFORMATION TECHNOLOGY APPLICATION PROGRAMMING (BYOD),3.0,D 1400-1530,TBA,CHAN| STEPHEN JAMES G.,27,ENG,U,0,-,N,N,
E,POLITICS| GOVERNANCE| AND CITIZENSHIP,3.0,D 0930-1100,TBA,TIONLOC| JAVIER RICO ISRAEL R.,36,ENG,U,0,ALL SLOTS FOR 4TH YEAR STUDENTS.,N,N,
E,PRACTICUM,3.0,T 1100-1400; TH 1230-1700,TBA; TBA,COX| CHRISTINE ANNE R.,23,ENG,U,0,-,N,N,
E,RIZAL AND THE EMERGENCE OF THE PHILIPPINE NATION,3.0,D 0800-0930,TBA,WONG| PATRICIA YSABEL E.,30,ENG,U,0,-,N,N,
E,THESIS II,0.0,TUTORIAL 0000-0000,TBA,ESTUAR| MA. REGINA J. E.,5,ENG,G,5,-,N,N,
E,BASIC INFORMATION TECHNOLOGY APPLICATIONS IN BUSINESS BYOD: EXCEL + DATA VISUALIZATION,3.0,T 1700-2000; TH 1700-2130,TBA; TBA,CONSUNJI| Joella Marie,22,ENG,U,10,-,N,N,
E,BASIC INFORMATION TECHNOLOGY APPLICATIONS IN BUSINESS: EXCEL + E-COMMERCE DEVELOPMENT,3.0,D 1400-1530,TBA,SAMSON| ARAN V.,22,ENG,U,0,-,N,N,
E,THESIS I,0.0,TUTORIAL 0000-0000,TBA,ESTUAR| MA. REGINA J. E.,5,ENG,G,4,-,N,N,
E,INTRODUCTION TO STATISTICAL ANALYSIS,3.0,D 0930-1100,TBA,ZOSA| ANTHONY R.,26,ENG,U,15,-,N,N,
E,MATHEMATICS IN THE MODERN WORLD,3.0,D 1230-1400,TBA,PUNZAL| Chara Deanna,27,ENG,U,0,-,N,N,
E,INDEPENDENT PROJECT II,0.0,TUTORIAL 0000-0000,TBA,ESTUAR| MA. REGINA J. E.,5,ENG,G,5,-,N,N,
E,BASIC INFORMATION TECHNOLOGY APPLICATIONS IN BUSINESS (BYOD),3.0,D 0930-1100,TBA,SO CHAN| Katrina Mae,20,ENG,U,0,-,N,N,
E,JAPANESE LANGUAGE AND CULTURE 1,3.0,D 1100-1230,TBA,NAGAI| Hiroko,15,~,U,0,*ALL SLOTS FOR STUDENTS UNDER THE (NEW) 2018 CURRICULUM,N,N,
E,CHINESE MANDARIN AND CULTURE 1,3.0,D 1100-1230,TBA,MANABAT| MARJORIE Y.,18,~,U,0,*Conversational: Basic Chinese| FLC1,N,N,
E,INDEPENDENT PROJECT I,0.0,TUTORIAL 0000-0000,TBA,ESTUAR| MA. REGINA J. E.,5,ENG,G,5,-,N,N,
E,ELEMENTARY PROBABILITY THEORY,3.0,D 1400-1530,TBA,ONG| LU CHRISTIAN S.,25,ENG,U,0,-,N,N,
E,INTERNSHIP AND PROFESSIONAL EXPOSURE,3.0,SAT 0800-1100; SAT 1230-1700,TBA; TBA,BAUTISTA| Jaime Maria,25,ENG,U,15,-,N,N,
EE,ART APPRECIATION,3.0,M-W-F 1300-1530,TBA,TUVIERA| Frederick,30,ENG,U,-1,-,N,N,
F,ART APPRECIATION,3.0,M-W-F 0800-1030,TBA,PASTRANA| ALLAN J.,30,ENG,U,-2,-,N,N,
F,SCIENCE| TECHNOLOGY| AND SOCIETY,3.0,D 1100-1230,TBA,ZUNIGA| BRIAN KARLO W.,18,ENG,U,0,-,N,N,
F,PRINCIPLES OF ECONOMICS,3.0,D 0930-1100,TBA,CHUA| ROBERT LANCE C.,28,ENG,U,0,-,N,N,
F,RESEARCH METHODS AND BUSINESS MODELLING TECHNIQUES,3.0,D 0800-0930,TBA,DENZON| Eduardo Ezekiel,31,ENG,U,-1,-,N,N,
F,BASIC FRENCH 1 LANGUAGE AND CULTURE,3.0,D 1530-1700,TBA,BAUTISTA| CARMINA MA. VERONICA L.,16,~,U,0,-,N,N,
F,CHINESE MANDARIN AND CULTURE 1,3.0,D 1100-1230,TBA,BATA| SIDNEY CHRISTOPHER T.,18,~,U,0,*Conversational: Basic Chinese| FLC1,N,N,
F,SCHOLARLY WORK 1B: COLLABORATION AND DATA COLLECTION,2.0,D 1830-1930,TBA,PEREZ-RIFAREAL| JOAN MAE G.,14,ENG,U,0,-,N,N,
F,ELEMENTARY PROBABILITY THEORY,3.0,F 1400-1530,TBA,SEGISMUNDO| Jasper John,25,ENG,U,0,-,N,N,
F,BASIC INFORMATION TECHNOLOGY APPLICATIONS IN BUSINESS (BYOD),3.0,D 1100-1230,TBA,SO CHAN| Katrina Mae,20,ENG,U,-1,-,N,N,
F,INDEPENDENT PROJECT II,0.0,TUTORIAL 0000-0000,TBA,PULMANO| CHRISTIAN E.,5,ENG,G,4,-,N,N,
F,THESIS I,0.0,TUTORIAL 0000-0000,TBA,FERNANDEZ| PROCESO| JR. L.,5,ENG,G,5,-,N,N,
F,BASIC SPANISH 1 LANGUAGE AND CULTURE,3.0,D 1530-1700,TBA,AQUINO| HEIDE V.,16,~,U,0,-,N,N,
F,BASIC INFORMATION TECHNOLOGY APPLICATIONS IN BUSINESS: EXCEL + E-COMMERCE DEVELOPMENT,3.0,D 1530-1700,TBA,SAMSON| ARAN V.,22,ENG,U,0,-,N,N,
F,THESIS II,0.0,TUTORIAL 0000-0000,TBA,FERNANDEZ| PROCESO| JR. L.,5,ENG,G,5,-,N,N,
F,RIZAL AND THE EMERGENCE OF THE PHILIPPINE NATION,3.0,D 0930-1100,TBA,WONG| PATRICIA YSABEL E.,30,ENG,U,0,-,N,N,
F,BASIC GERMAN 1 LANGUAGE AND CULTURE,3.0,D 1530-1700,TBA,JOSE| JACKIE LOU L.,16,~,U,4,-,N,N,
F,INTRODUCTION TO STATISTICAL ANALYSIS,3.0,D 1530-1700,TBA,GATPATAN| JANREE RUARK C.,26,ENG,U,0,-,N,N,
F,BASIC INFORMATION TECHNOLOGY APPLICATIONS IN BUSINESS BYOD: EXCEL + DATA VISUALIZATION,3.0,M-W-F 1800-2030,TBA,CONSUNJI| Joella Marie,22,ENG,U,0,-,N,N,
F,CREATIVE THINKING AND INNOVATION MANAGEMENT,3.0,D 1830-2000,TBA,WANG| Alexander James,24,ENG,U,0,-,N,N,
F,SUSTAINABILITY AND SOCIAL RESPONSIBILITY,3.0,T 1100-1400; TH 1230-1700,TBA; TBA,SIOJO| MANOLET M.,25,ENG,U,0,-,N,N,
F,JAPANESE LANGUAGE AND CULTURE 1,3.0,D 1230-1400,TBA,NAGAI| Hiroko,15,~,U,0,*ALL SLOTS FOR STUDENTS UNDER THE (NEW) 2018 CURRICULUM,N,N,
F,POLITICS| GOVERNANCE| AND CITIZENSHIP,3.0,D 1230-1400,TBA,RIVERA| MIGUEL PAOLO P.,30,ENG,U,25,ALL SLOTS FOR 4TH YEAR STUDENTS.,N,N,
F,WORK PRACTICUM,3.0,SAT 0800-1230; SAT 1400-1700,TBA; TBA,CASINO| Renee Rose,36,ENG,U,4,ALL SLOTS FOR 4TH YEAR BS COMTECH MAJORS.,N,N,
F,READINGS IN PHILIPPINE HISTORY,3.0,D 0800-0930,TBA,GIRON| BRIAN PAUL A.,29,ENG,U,0,-,N,N,
F,THE CONTEMPORARY WORLD,3.0,D 1100-1230,TBA,SARMIENTO| EMILY R.,21,ENG,U,0,-,N,N,
F,PRACTICUM,3.0,SAT 0800-1100; SAT 1230-1700,TBA; TBA,BEJA| EDSEL| JR. L.,18,ENG,U,0,*ONLINE INTERNSHIP,N,N,
F,MATHEMATICS IN THE MODERN WORLD,3.0,D 0930-1100,TBA,SANTOS| DURWIN C.,27,ENG,U,0,-,N,N,
FF,ART APPRECIATION,3.0,M-W-F 1030-1300,TBA,PASTRANA| ALLAN J.,30,ENG,U,-1,-,N,N,
G,INTRODUCTION TO STATISTICAL ANALYSIS,3.0,D 1400-1530,TBA,FADRI| Raymond Joseph,26,ENG,U,0,-,N,N,
G,THESIS II,0.0,TUTORIAL 0000-0000,TBA,RODRIGO| MA. MERCEDES T.,5,ENG,G,5,-,N,N,
G,INFORMATION TECHNOLOGY APPLICATION PROGRAMMING (BYOD),3.0,D 0930-1100,TBA,ILAGAN| Jose Ramon,27,ENG,U,0,-,N,N,
G,BASIC SPANISH 1 LANGUAGE AND CULTURE,3.0,D 1400-1530,TBA,LIM| SANDRA P.,16,~,U,0,-,N,N,
G,SUSTAINABILITY AND SOCIAL RESPONSIBILITY,3.0,T 1700-2000; TH 1700-2130,TBA; TBA,LUMAIN| Joseph Daniel,25,ENG,U,0,-,N,N,
G,WORK PRACTICUM,3.0,SAT 0900-1200; SAT 1230-1700,TBA; TBA,DURAN| Benedict James,36,ENG,U,3,ALL SLOTS FOR 4TH YEAR BS COMTECH MAJORS.,N,N,
G,MATHEMATICS IN THE MODERN WORLD,3.0,D 1400-1530,TBA,NARCELLES| Aaron John Luke,27,ENG,U,0,-,N,N,
G,BASIC FRENCH 1 LANGUAGE AND CULTURE,3.0,D 0800-0930,TBA,FAYLONA| DORIS T.,16,~,U,1,-,N,N,
G,POLITICS| GOVERNANCE| AND CITIZENSHIP,3.0,D 1100-1230,TBA,TBA| -,0,ENG,U,-8,ALL SLOTS FOR 4TH YEAR STUDENTS.,N,N,
G,JAPANESE LANGUAGE AND CULTURE 1,3.0,D 1230-1400,TBA,TAN| JOY ANN FAITH F.,15,~,U,0,*ALL SLOTS FOR STUDENTS UNDER THE (NEW) 2018 CURRICULUM,N,N,
G,RESEARCH METHODS AND BUSINESS MODELLING TECHNIQUES,3.0,SAT 0800-1100; SAT 1230-1700,TBA; TBA,DENZON| Eduardo Ezekiel,28,ENG,U,7,-,N,N,
G,PRACTICUM,3.0,SAT 0800-1100; SAT 1230-1700,TBA; TBA,BEJA| EDSEL| JR. L.,18,ENG,U,0,*ONLINE INTERNSHIP,N,N,
G,BASIC INFORMATION TECHNOLOGY APPLICATIONS IN BUSINESS BYOD: EXCEL + DATA VISUALIZATION,3.0,D 0930-1100,TBA,ANG| David Samuel,22,ENG,U,0,-,N,N,
G,THE CONTEMPORARY WORLD,3.0,D 1230-1400,TBA,SARMIENTO| EMILY R.,21,ENG,U,0,-,N,N,
G,PRINCIPLES OF ECONOMICS,3.0,D 1830-2000,TBA,LIBRE| Philip Amadeus,28,ENG,U,0,-,N,N,
G,SCHOLARLY WORK 1B: COLLABORATION AND DATA COLLECTION,2.0,D 1830-1930,TBA,AMOR| URDUJA C.,7,ENG,U,0,-,N,N,
G,ELEMENTARY PROBABILITY THEORY,3.0,D 0930-1100,TBA,SIA| Calvin,25,ENG,U,0,-,N,N,
G,SCIENCE| TECHNOLOGY| AND SOCIETY,3.0,D 1100-1230,TBA,EUSTAQUIO| MICHELLE PIA D.,23,ENG,U,0,-,N,N,
G,CREATIVE THINKING AND INNOVATION MANAGEMENT,3.0,M-W-F 1300-1530,TBA,AQUINO| Ailaina Danielle,24,ENG,U,0,-,N,N,
G,ART APPRECIATION,3.0,T 0800-1100; TH 0800-1230,TBA; TBA,MARASIGAN| ALFRED BENEDICT C.,30,ENG,U,0,-,N,N,
G,RIZAL AND THE EMERGENCE OF THE PHILIPPINE NATION,3.0,D 0800-0930,TBA,LISING| Maria Ana Gabriela,30,ENG,U,0,-,N,N,
G,CHINESE MANDARIN AND CULTURE 1,3.0,D 1230-1400,TBA,DIZON| ERWIN GUILE M.,18,~,U,0,*Conversational: Basic Chinese| FLC1,N,N,
G,THESIS I,0.0,TUTORIAL 0000-0000,TBA,MAGUYON| ARIEL A.,5,ENG,G,5,-,N,N,
G,BASIC INFORMATION TECHNOLOGY APPLICATIONS IN BUSINESS: EXCEL + E-COMMERCE DEVELOPMENT,3.0,D 1230-1400,TBA,ASUNCION| Mon Eduardo,22,ENG,U,0,-,N,N,
G,READINGS IN PHILIPPINE HISTORY,3.0,D 0930-1100,TBA,GIRON| BRIAN PAUL A.,29,ENG,U,0,-,N,N,
GG,ART APPRECIATION,3.0,T 1100-1400; TH 1230-1700,TBA; TBA,MARASIGAN| ALFRED BENEDICT C.,30,ENG,U,1,-,N,N,
H,WORK PRACTICUM,3.0,SAT 0800-1100; SAT 1230-1700,TBA; TBA,DAVID| TERESITO S.,25,ENG,U,4,ALL SLOTS FOR 4TH YEAR BS MGT-H MAJORS.,N,N,
H,THESIS I,0.0,TUTORIAL 0000-0000,TBA,RODRIGO| MA. MERCEDES T.,5,ENG,G,4,-,N,N,
H,ELEMENTARY PROBABILITY THEORY,3.0,D 0930-1100,TBA,DUMBRIQUE| JAKOV IVAN S.,25,ENG,U,0,-,N,N,
H,BASIC INFORMATION TECHNOLOGY APPLICATIONS IN BUSINESS BYOD: EXCEL + DATA VISUALIZATION,3.0,D 1100-1230,TBA,ANG| David Samuel,22,ENG,U,0,-,N,N,
H,BASIC FRENCH 1 LANGUAGE AND CULTURE,3.0,D 0930-1100,TBA,FAYLONA| DORIS T.,16,~,U,0,-,N,N,
H,CHINESE MANDARIN AND CULTURE 1,3.0,D 1230-1400,TBA,BATA| SIDNEY CHRISTOPHER T.,18,~,U,0,*Conversational: Basic Chinese| FLC1,N,N,
H,SCIENCE| TECHNOLOGY| AND SOCIETY,3.0,D 1230-1400,TBA,PEABODY| CHRISTOPHER K.,23,ENG,U,0,-,N,N,
H,JAPANESE LANGUAGE AND CULTURE 1,3.0,D 1400-1530,TBA,ROSARIO| ANGELA LOUISE C.,15,~,U,0,*ALL SLOTS FOR STUDENTS UNDER THE (NEW) 2018 CURRICULUM,N,N,
H,PRINCIPLES OF ECONOMICS,3.0,D 1700-1830,TBA,LIBRE| Philip Amadeus,28,ENG,U,0,-,N,N,
H,SPECIAL TOPICS IN FINANCE,3.0,SAT 0800-1230; T 1700-2000,TBA; TBA,LIM| RICHE LEVIN T.,35,ENG,U,12,-,N,N,
H,BASIC SPANISH 1 LANGUAGE AND CULTURE,3.0,D 1530-1700,TBA,LIM| SANDRA P.,16,~,U,0,-,N,N,
H,FINANCIAL ACCOUNTING,3.0,D 1230-1400,TBA,GATCHALIAN| JOYCE B.,20,ENG,U,8,-,N,N,
H,READINGS IN PHILIPPINE HISTORY,3.0,D 0800-0930,TBA,CRUZ-CLAUDIO| Valerie May,29,ENG,U,0,-,N,N,
H,CREATIVE THINKING AND INNOVATION MANAGEMENT,3.0,M-W-F 0800-1030,TBA,BUENAVENTURA| John Roel,24,ENG,U,1,-,N,N,
H,RESEARCH METHODS AND BUSINESS MODELLING TECHNIQUES,3.0,D 0800-0930,TBA,TANCHOCO| ANGELO RAMON A.,31,ENG,U,0,-,N,N,
H,INFORMATION TECHNOLOGY APPLICATION PROGRAMMING (BYOD),3.0,D 1230-1400,TBA,ILAGAN| Jose Ramon,27,ENG,U,0,-,N,N,
H,BASIC INFORMATION TECHNOLOGY APPLICATIONS IN BUSINESS: EXCEL + E-COMMERCE DEVELOPMENT,3.0,D 1530-1700,TBA,ASUNCION| Mon Eduardo,22,ENG,U,0,-,N,N,
H,THE CONTEMPORARY WORLD,3.0,D 1530-1700,TBA,IWAYAMA| Minami,21,ENG,U,0,-,N,N,
H,THESIS II,0.0,TUTORIAL 0000-0000,TBA,VERGARA| JOHN PAUL C.,5,ENG,G,5,-,N,N,
H,POLITICS| GOVERNANCE| AND CITIZENSHIP,3.0,D 1530-1700,TBA,SUNGA| RICARDO III A.,36,ENG,U,0,ALL SLOTS FOR 4TH YEAR STUDENTS.,N,N,
H,ART APPRECIATION,3.0,T 0800-1100; TH 0800-1230,TBA; TBA,DAGMANG| Nathalie,30,ENG,U,1,-,N,N,
H,RIZAL AND THE EMERGENCE OF THE PHILIPPINE NATION,3.0,D 0930-1100,TBA,LISING| Maria Ana Gabriela,30,ENG,U,1,-,N,N,
H,INTRODUCTION TO STATISTICAL ANALYSIS,3.0,D 1400-1530,TBA,GATPATAN| JANREE RUARK C.,26,ENG,U,0,-,N,N,
H,PRACTICUM,3.0,SAT 0800-1100; SAT 1230-1700,TBA; TBA,LONTOC| Genesis Kelly,18,ENG,U,0,*ONLINE INTERNSHIP,N,N,
HH,FINANCIAL ACCOUNTING,3.0,D 1530-1700,TBA,UY| SEAN RICH U.,20,ENG,U,-1,-,N,N,
HH,ART APPRECIATION,3.0,T 1100-1400; TH 1230-1700,TBA; TBA,DAGMANG| Nathalie,30,ENG,U,1,-,N,N,
I,JAPANESE LANGUAGE AND CULTURE 1,3.0,D 1530-1700,TBA,ROSARIO| ANGELA LOUISE C.,15,~,U,0,*ALL SLOTS FOR STUDENTS UNDER THE (NEW) 2018 CURRICULUM,N,N,
I,INFORMATION TECHNOLOGY APPLICATION PROGRAMMING (BYOD),3.0,D 0930-1100,TBA,NODALO| Ralph Sebastian,27,ENG,U,1,-,N,N,
I,CREATIVE THINKING AND INNOVATION MANAGEMENT,3.0,M-W-F 0800-1030,TBA,ESPELETA| Gene Maxime,24,ENG,U,2,-,N,N,
I,POLITICS| GOVERNANCE| AND CITIZENSHIP,3.0,D 1700-1830,TBA,SUNGA| RICARDO III A.,28,ENG,U,0,ALL SLOTS FOR 4TH YEAR STUDENTS.,N,N,
I,BASIC INFORMATION TECHNOLOGY APPLICATIONS IN BUSINESS BYOD: EXCEL + DATA VISUALIZATION,3.0,D 0800-0930,TBA,ATAIZA| Christian Dominic,22,ENG,U,7,-,N,N,
I,BASIC INFORMATION TECHNOLOGY APPLICATIONS IN BUSINESS: EXCEL + E-COMMERCE DEVELOPMENT,3.0,M-W-F 1800-2030,TBA,PISIG| Lorenzo Ma. Raphael,22,ENG,U,0,-,N,N,
I,PRINCIPLES OF ECONOMICS,3.0,M-W-F 0800-1030,TBA,GALUNAN| Christine Joy,28,ENG,U,0,-,N,N,
I,RIZAL AND THE EMERGENCE OF THE PHILIPPINE NATION,3.0,D 0800-0930,TBA,UBALDO| ABEL A.,30,ENG,U,5,-,N,N,
I,ART APPRECIATION,3.0,T 0800-1100; TH 0800-1230,TBA; TBA,LUARCA| MIGUEL ANTONIO A V.,30,ENG,U,0,-,N,N,
I,THE CONTEMPORARY WORLD,3.0,D 0930-1100,TBA,GAPPY| JOHN MARTIN B.,21,ENG,U,4,-,N,N,
I,THESIS I,0.0,TUTORIAL 0000-0000,TBA,VERGARA| JOHN PAUL C.,5,ENG,G,5,-,N,N,
I,THESIS II,0.0,TUTORIAL 0000-0000,TBA,YU| WILLIAM EMMANUEL S.,5,ENG,G,4,-,N,N,
I,SUSTAINABILITY AND SOCIAL RESPONSIBILITY,3.0,M-W-F 1800-2030,TBA,MORADA| Kevin Henry,25,ENG,U,0,-,N,N,
I,MATHEMATICS IN THE MODERN WORLD,3.0,D 1230-1400,TBA,SILVESTRE| Luis Jr,27,ENG,U,24,-,N,N,
I,READINGS IN PHILIPPINE HISTORY,3.0,D 0930-1100,TBA,CRUZ-CLAUDIO| Valerie May,29,ENG,U,0,-,N,N,
I,ELEMENTARY PROBABILITY THEORY,3.0,D 1230-1400,TBA,DUMBRIQUE| JAKOV IVAN S.,25,ENG,U,0,-,N,N,
I,PRACTICUM,3.0,SAT 0800-1100; SAT 1230-1700,TBA; TBA,LONTOC| Genesis Kelly,18,ENG,U,0,*ONLINE INTERNSHIP,N,N,
I,SCIENCE| TECHNOLOGY| AND SOCIETY,3.0,D 1230-1400,TBA,ARDA| John Rafael| PETALIO| Syra Marie Norin,23,ENG,U,0,-,N,N,
II,ART APPRECIATION,3.0,T 1100-1400; TH 1230-1700,TBA; TBA,LUARCA| MIGUEL ANTONIO A V.,30,ENG,U,0,-,N,N,
ITE-A,INTRODUCTION TO PROGRAMMING II,3.0,D 1230-1400,TBA,MEDALLA| ALBERTO H.| SANTOS| JOHN MICHAEL B.,29,ENG,U,0,ALL SLOTS FOR BS ITE MAJORS.,N,N,
ITE-B,INTRODUCTION TO PROGRAMMING II,3.0,D 1230-1400,TBA,MEDALLA| ALBERTO H.| SANTOS| JOHN MICHAEL B.,29,ENG,U,13,ALL SLOTS FOR BS ITE MAJORS.,N,N,
J,READINGS IN PHILIPPINE HISTORY,3.0,D 0930-1100,TBA,BANASIHAN| MA. ESTELA E.,29,ENG,U,7,-,N,N,
J,BASIC INFORMATION TECHNOLOGY APPLICATIONS IN BUSINESS: EXCEL + E-COMMERCE DEVELOPMENT,3.0,T 1700-2000; TH 1700-2130,TBA; TBA,PISIG| Lorenzo Ma. Raphael,22,ENG,U,0,-,N,N,
J,MATHEMATICS IN THE MODERN WORLD,3.0,D 1400-1530,TBA,GUILLERMO| MIDA R.,27,ENG,U,5,-,N,N,
J,BASIC INFORMATION TECHNOLOGY APPLICATIONS IN BUSINESS BYOD: EXCEL + DATA VISUALIZATION,3.0,D 0930-1100,TBA,ATAIZA| Christian Dominic,22,ENG,U,0,-,N,N,
J,THE CONTEMPORARY WORLD,3.0,D 0800-0930,TBA,GAPPY| JOHN MARTIN B.,21,ENG,U,6,-,N,N,
J,THESIS I,0.0,TUTORIAL 0000-0000,TBA,YU| WILLIAM EMMANUEL S.,5,ENG,G,5,-,N,N,
J,INFORMATION TECHNOLOGY APPLICATION PROGRAMMING (BYOD),3.0,M-W-F 0800-1030,TBA,SARMIENTO| Jared Matthew,27,ENG,U,0,-,N,N,
J,CREATIVE THINKING AND INNOVATION MANAGEMENT,3.0,M-W-F 1800-2030,TBA,ZULUETA| Pia Ysabel,25,ENG,U,0,-,N,N,
J,THESIS II,0.0,TUTORIAL 0000-0000,TBA,CORONEL| ANDREI D.| LIBATIQUE| NATHANIEL JOSEPH C.,5,ENG,G,5,-,N,N,
J,SUSTAINABILITY AND SOCIAL RESPONSIBILITY,3.0,SAT 0800-1100; SAT 1230-1700,TBA; TBA,UY| BERNADEE C.,25,ENG,U,-3,-,N,N,
J,SCIENCE| TECHNOLOGY| AND SOCIETY,3.0,D 1400-1530,TBA,GONZALEZ| PAOLO ANTONIO G.,23,ENG,U,0,-,N,N,
J,RIZAL AND THE EMERGENCE OF THE PHILIPPINE NATION,3.0,D 0930-1100,TBA,UBALDO| ABEL A.,30,ENG,U,0,-,N,N,
J,JAPANESE LANGUAGE AND CULTURE 1,3.0,D 1400-1530,TBA,ESPIRITU| JUNILO S.,15,~,U,0,*ALL SLOTS FOR STUDENTS UNDER THE (NEW) 2018 CURRICULUM,N,N,
J,PRINCIPLES OF ECONOMICS,3.0,M-W-F 1030-1300,TBA,GALUNAN| Christine Joy,28,ENG,U,0,-,N,N,
J,PRACTICUM,3.0,M-W-F 1030-1300,TBA,GAMBOA| Jayvy,14,ENG,U,0,*ECONOMICS OF LABOR AND EMPLOYMENT LAW,N,N,
J,ART APPRECIATION,3.0,T 0800-1100; TH 0800-1230,TBA; TBA,DAOANA| CARLOMAR A.,30,ENG,U,0,-,N,N,
J,POLITICS| GOVERNANCE| AND CITIZENSHIP,3.0,D 1100-1230,TBA,ORETA| JENNIFER S.,29,ENG,U,0,ALL SLOTS FOR 4TH YEAR STUDENTS.,N,N,
JJ,ART APPRECIATION,3.0,T 1100-1400; TH 1230-1700,TBA; TBA,DAOANA| CARLOMAR A.,30,ENG,U,0,-,N,N,
K,PRINCIPLES OF ECONOMICS,3.0,D 1530-1700,TBA,LEDESMA| RODOLFO G.,28,ENG,U,0,-,N,N,
K,POLITICS| GOVERNANCE| AND CITIZENSHIP,3.0,D 0800-0930,TBA,ORETA| JENNIFER S.,30,ENG,U,0,ALL SLOTS FOR 4TH YEAR STUDENTS.,N,N,
K,JAPANESE LANGUAGE AND CULTURE 1,3.0,D 1530-1700,TBA,ESPIRITU| JUNILO S.,15,~,U,1,*ALL SLOTS FOR STUDENTS UNDER THE (NEW) 2018 CURRICULUM,N,N,
K,MATHEMATICS IN THE MODERN WORLD,3.0,D 0800-0930,TBA,TAN| KI SHAN T.,27,ENG,U,-1,-,N,N,
K,THE CONTEMPORARY WORLD,3.0,D 1100-1230,TBA,MAGNO| NOTA F.,21,ENG,U,4,-,N,N,
K,CREATIVE THINKING AND INNOVATION MANAGEMENT,3.0,T 1700-2000; TH 1700-2130,TBA; TBA,CHAM| Lance,25,ENG,U,0,-,N,N,
K,READINGS IN PHILIPPINE HISTORY,3.0,D 1100-1230,TBA,BANASIHAN| MA. ESTELA E.,29,ENG,U,0,-,N,N,
K,BASIC INFORMATION TECHNOLOGY APPLICATIONS IN BUSINESS BYOD: EXCEL + DATA VISUALIZATION,3.0,D 0930-1100,TBA,APILADO| Christine Jann,22,ENG,U,10,-,N,N,
K,INFORMATION TECHNOLOGY APPLICATION PROGRAMMING (BYOD),3.0,T 1700-2000; TH 1700-2130,TBA; TBA,ALCANTARA| ALDRICH FARREL V INCENT S.| TIONGCO| Monique Ann,23,ENG,U,0,ALL SLOTS FOR 2ND YEAR BS MGT-H MAJORS. ALL SLOTS FOR 3RD YEAR BS MGT-H MAJORS.,N,N,
K,SCIENCE| TECHNOLOGY| AND SOCIETY,3.0,D 1400-1530,TBA,BENNETT| CLINT DOMINIC G.,23,ENG,U,-2,-,N,N,
L,THE CONTEMPORARY WORLD,3.0,D 0930-1100,TBA,MAGNO| NOTA F.,21,ENG,U,7,-,N,N,
L,BASIC INFORMATION TECHNOLOGY APPLICATIONS IN BUSINESS BYOD: EXCEL + DATA VISUALIZATION,3.0,D 1100-1230,TBA,APILADO| Christine Jann,22,ENG,U,0,-,N,N,
L,INFORMATION TECHNOLOGY APPLICATION PROGRAMMING (BYOD),3.0,D 1830-2000,TBA,ALCANTARA| ALDRICH FARREL V INCENT S.| TIONGCO| Monique Ann,23,ENG,U,8,ALL SLOTS FOR 2ND YEAR BS MGT-H MAJORS. ALL SLOTS FOR 3RD YEAR BS MGT-H MAJORS.,N,N,
L,SCIENCE| TECHNOLOGY| AND SOCIETY,3.0,D 1400-1530,TBA,OLAGUERA| LYNDON MARK P.,21,ENG,U,0,-,N,N,
L,PRINCIPLES OF ECONOMICS,3.0,D 1230-1400,TBA,YAPTANGCO| EDWIN E.,28,ENG,U,6,-,N,N,
L,MATHEMATICS IN THE MODERN WORLD,3.0,D 0800-0930,TBA,SANTOS| DURWIN C.,27,ENG,U,0,-,N,N,
L,CREATIVE THINKING AND INNOVATION MANAGEMENT,3.0,D 0800-0930,TBA,ASINAS| MARIA CARMEN VICENTA N.,25,ENG,U,5,-,N,N,
M,CREATIVE THINKING AND INNOVATION MANAGEMENT,3.0,D 0930-1100,TBA,ASINAS| MARIA CARMEN VICENTA N.,25,ENG,U,0,-,N,N,
M,THE CONTEMPORARY WORLD,3.0,D 0930-1100,TBA,RODA| MARIA ANDREA S.,21,ENG,U,0,-,N,N,
M,BASIC INFORMATION TECHNOLOGY APPLICATIONS IN BUSINESS BYOD: EXCEL + DATA VISUALIZATION,3.0,D 1230-1400,TBA,LIM| PHILIP T.,22,ENG,U,0,-,N,N,
M,SCIENCE| TECHNOLOGY| AND SOCIETY,3.0,D 1400-1530,TBA,ARDA| John Rafael| PETALIO| Syra Marie Norin,23,ENG,U,0,-,N,N,
M,PRINCIPLES OF ECONOMICS,3.0,D 1400-1530,TBA,YAPTANGCO| EDWIN E.,28,ENG,U,6,-,N,N,
N,THE CONTEMPORARY WORLD,3.0,D 1400-1530,TBA,IWAYAMA| Minami,21,ENG,U,0,-,N,N,
N,CREATIVE THINKING AND INNOVATION MANAGEMENT,3.0,M-W-F 1030-1300,TBA,MARIANO| ANNALISA MARGARITA V.,23,ENG,U,0,-,N,N,
N,PRINCIPLES OF ECONOMICS,3.0,D 1530-1700,TBA,TORRES| Kristian Paolo,28,ENG,U,0,-,N,N,
N,SCIENCE| TECHNOLOGY| AND SOCIETY,3.0,D 1530-1700,TBA,PEABODY| CHRISTOPHER K.,23,ENG,U,0,-,N,N,
N,MATHEMATICS IN THE MODERN WORLD,3.0,D 1100-1230,TBA,SILVESTRE| Luis Jr,27,ENG,U,21,-,N,N,
O,MATHEMATICS IN THE MODERN WORLD,3.0,D 1100-1230,TBA,PUNZAL| Chara Deanna,27,ENG,U,0,-,N,N,
O,CREATIVE THINKING AND INNOVATION MANAGEMENT,3.0,T 1100-1400; TH 1230-1700,TBA; TBA,INGCO| JULIO III S.,23,ENG,U,5,-,N,N,
O,THE CONTEMPORARY WORLD,3.0,D 1530-1700,TBA,FUENTES| Riczar,21,ENG,U,1,-,N,N,
O,SCIENCE| TECHNOLOGY| AND SOCIETY,3.0,D 1530-1700,TBA,SAMACO| JAPHETH DUANE C.,23,ENG,U,0,-,N,N,
O,PRINCIPLES OF ECONOMICS,3.0,D 1700-1830,TBA,TORRES| Kristian Paolo,28,ENG,U,0,-,N,N,
P,THE CONTEMPORARY WORLD,3.0,D 1400-1530,TBA,FUENTES| Riczar,21,ENG,U,0,-,N,N,
P,SCIENCE| TECHNOLOGY| AND SOCIETY,3.0,D 1530-1700,TBA,SANTOS| JOHN MICHAEL B.,23,ENG,U,0,-,N,N,
P,MATHEMATICS IN THE MODERN WORLD,3.0,D 1100-1230,TBA,NARCELLES| Aaron John Luke,27,ENG,U,9,-,N,N,
P,PRINCIPLES OF ECONOMICS,3.0,D 1530-1700,TBA,CRUZ| IRWIN A.,28,ENG,U,0,-,N,N,
Q,PRINCIPLES OF ECONOMICS,3.0,D 0930-1100,TBA,POBRE| Mervin,28,ENG,U,23,-,N,N,
Q,THE CONTEMPORARY WORLD,3.0,D 0800-0930,TBA,REYES| Rosselle Trishia,21,ENG,U,0,-,N,N,
R,THE CONTEMPORARY WORLD,3.0,D 0930-1100,TBA,REYES| Rosselle Trishia,21,ENG,U,2,-,N,N,
R,PRINCIPLES OF ECONOMICS,3.0,D 1100-1230,TBA,SIMON-KING| PATRICK GERARD C.,28,ENG,U,0,-,N,N,
S,PRINCIPLES OF ECONOMICS,3.0,T 0800-1100; TH 0800-1230,TBA; TBA,PEREZ| MARILOU A.,28,ENG,U,0,-,N,N,
X,SOMBA: BUSINESS VENTURE 1 (LECTURE),3.0,M-W-F 1300-1530,TBA,GARCIA| BIENVENIDO VALENTINO F.,25,ENG,U,25,*MKTG 140.01 has to be taken concurrently with MKTG 140.02 for a total of 6 units,N,N,
X,INTERDISCIPLINARY ISSUES IN SPORT MANAGEMENT,3.0,SAT 0800-1100; SAT 1230-1700,TBA; TBA,REYES| SALVADOR JR.| S.,25,ENG,U,-4,*OPEN TO ALL; Interdisciplinary Elective,N,N,
X,APPLIED ENTREPRENEURSHIP: AN INTERDISCIPLINARY APPROACH,3.0,M-W-F 1300-1530,TBA,QUITORIANO| GEORGE OMER DENIS S.,25,ENG,U,4,*Strictly for Non-SOM students only,N,N,
X,SOMBA: BUSINESS VENTURE 2 (LABORATORY),3.0,T 1230-1700; TH 1400-1700,TBA; TBA,GARCIA| BIENVENIDO VALENTINO F.,25,ENG,U,25,*MKTG 140.02 has to be taken concurrently with MKTG 140.01 for a total of 6 units,N,N,
X,CORPORATE SUSTAINABILITY,3.0,D 1530-1700,TBA,HORN| Jennifer Rachel,25,ENG,U,0,*Strictly for Non-SOM students only,N,N,
X1,GENERAL ZOOLOGY| LABORATORY,2.0,M-W-F 1300-1700,TBA,JOSON| PAULO RAFAEL S.,30,ENG,U,0,-,N,N,
X2,GENERAL ZOOLOGY| LABORATORY,2.0,M-W-F 1300-1700,TBA,DE GUZMAN| Ivan Adrian,30,ENG,U,-2,-,N,N,
X3,GENERAL ZOOLOGY| LABORATORY,2.0,M-W-F 0800-1200,TBA,TANIEGRA| ROMMEL M.,30,ENG,U,20,-,N,N,
X4,GENERAL ZOOLOGY| LABORATORY,2.0,M-W-F 1300-1700,TBA,MANALOTO| NINEZ BERNARDINE L.,30,ENG,U,0,-,N,N,
X5,GENERAL ZOOLOGY| LABORATORY,2.0,T-TH 1200-1800,TBA,JOSON| PAULO RAFAEL S.,30,ENG,U,6,-,N,N,
X6,GENERAL ZOOLOGY| LABORATORY,2.0,M-W-F 0800-1200,TBA,DE LEON| JEMILLIE MADONNA S.,30,ENG,U,0,-,N,N,
Y,SOMBA: BUSINESS VENTURE 1 (LECTURE),3.0,M-W-F 1300-1530,TBA,MICLAT| ARMANDO| JR. G.,25,ENG,U,25,*MKTG 140.01 has to be taken concurrently with MKTG 140.02 for a total of 6 units,N,N,
Y,CORPORATE SUSTAINABILITY,3.0,D 1700-1830,TBA,HORN| Jennifer Rachel,25,ENG,U,0,*Strictly for Non-SOM students only,N,N,
Y,SOMBA: BUSINESS VENTURE 2 (LABORATORY),3.0,M-W-F 1530-1800,TBA,MICLAT| ARMANDO| JR. G.,25,ENG,U,25,*MKTG 140.02 has to be taken concurrently with MKTG 140.01 for a total of 6 units,N,N,
Y,INTERDISCIPLINARY ISSUES IN SPORT MANAGEMENT,3.0,T 1700-2130; TH 1700-2000,TBA; TBA,REYES| SALVADOR JR.| S.,25,ENG,U,-1,*OPEN TO ALL; Interdisciplinary Elective,N,N,
Y,APPLIED ENTREPRENEURSHIP: AN INTERDISCIPLINARY APPROACH,3.0,M-W-F 1530-1800,TBA,QUITORIANO| GEORGE OMER DENIS S.,25,ENG,U,4,*Strictly for Non-SOM students only,N,N,
Y1,GENERAL ZOOLOGY| LABORATORY,2.0,M-W-F 1300-1700,TBA,TANIEGRA| ROMMEL M.,25,ENG,U,6,-,N,N,
Y2,GENERAL ZOOLOGY| LABORATORY,2.0,M-W-F 1300-1700,TBA,DE LEON| JEMILLIE MADONNA S.,25,ENG,U,0,-,N,N,
